Passage,NewID,WordNoPunctuation,Word,WordClass,PartOfSpeech,CosineSimilarity,CosineSimilarity_Normalized
1,1Aw01,Very,Very,Content,ADV,null,null
1,1Aw02,few,few,Content,ADJ,0.1898422,0.18984218
1,1Aw03,issues,issues,Content,NOUN,0.1473002,0.14714448
1,1Aw04,can,can,Function,AUX,0.2730398,0.2796411
1,1Aw05,bring,bring,Content,VERB,0.19822963,0.19740435
1,1Aw06,together,together,Content,ADV,0.3000084,0.30320165
1,1Aw07,lawmakers,lawmakers,Content,NOUN,0.1601004,0.15327188
1,1Aw08,of,of,Function,ADP,null,null
1,1Aw09,both,both,Function,DET,0.43747476,0.4557836
1,1Aw10,parties,parties.,Content,NOUN,0.3340049,0.3148071
1,1Bw01,Animal,Animal,Content,ADJ,0.032539517,0.03415679
1,1Bw02,cruelty,cruelty,Content,NOUN,0.201835,0.18503766
1,1Bw03,is,is,Content,AUX,0.22942315,0.24087803
1,1Bw04,one,one,Function,NUM,0.35524753,0.38504595
1,1Bw05,of,of,Function,ADP,null,null
1,1Bw06,them,them.,Function,PRON,0.4104331,0.40923378
2,2Aw01,Koalas,Koalas,Content,NOUN,null,null
2,2Aw02,have,have,Content,AUX,0.10662718,0.10662718
2,2Aw03,been,been,Content,AUX,0.28827062,0.43044084
2,2Aw04,running,running,Content,VERB,0.06894162,0.11165091
2,2Aw05,into,into,Function,ADP,0.12587664,0.15805265
2,2Aw06,hard,hard,Content,ADJ,0.1536446,0.19318111
2,2Aw07,times,times.,Content,NOUN,0.3459078,0.37875462
2,2Bw01,They,They,Function,PRON,0.34306002,0.36017826
2,2Bw02,have,have,Content,AUX,0.6229417,0.71026146
2,2Bw03,suffered,suffered,Content,VERB,0.19771197,0.22245003
2,2Bw04,for,for,Function,ADP,0.35161564,0.38743857
2,2Bw05,years,years,Content,NOUN,0.3660193,0.38751054
2,2Bw06,from,from,Function,ADP,0.20044647,0.20785621
2,2Bw07,habitat,habitat,Content,NOUN,0.21339075,0.14225797
2,2Bw08,destruction,"destruction,",Content,NOUN,0.17589985,0.14228332
2,2Bw09,dog,dog,Content,NOUN,0.24750407,0.21279114
2,2Bw10,attacks,"attacks,",Content,NOUN,0.2627325,0.26427957
2,2Bw11,automobile,automobile,Content,NOUN,0.17192723,0.16937663
2,2Bw12,accidents,accidents.,Content,NOUN,0.3738218,0.3511905
3,3Aw01,Pancreatic,Pancreatic,Content,ADJ,null,null
3,3Aw02,cancer,cancer,Content,NOUN,0.49660572,0.4966058
3,3Aw03,has,has,Content,VERB,0.04361205,0.044406176
3,3Aw04,a,a,Function,DET,null,null
3,3Aw05,bad,bad,Content,ADJ,0.08299454,0.097843535
3,3Aw06,reputation,reputation.,Content,NOUN,0.15723279,0.1872188
3,3Bw01,It,It,Function,PRON,0.19328211,0.21480057
3,3Bw02,is,is,Content,AUX,0.2381718,0.2931546
3,3Bw03,a,a,Function,DET,null,null
3,3Bw04,terrible,terrible,Content,ADJ,0.3522945,0.37839723
3,3Bw05,disease,"disease,",Content,NOUN,0.46131217,0.40811577
3,3Bw06,but,but,Function,CCONJ,0.3059001,0.34828076
3,3Bw07,most,most,Content,ADJ,0.2204022,0.23601481
3,3Bw08,people,people,Content,NOUN,0.23526634,0.25154722
3,3Bw09,do,do,Content,AUX,0.34027842,0.38164842
3,3Bw10,not,not,Content,PART,0.44613707,0.5136598
3,3Bw11,realize,realize,Content,VERB,0.3086786,0.34533376
3,3Bw12,there,there,Content,PRON,0.36157948,0.4122355
3,3Bw13,are,are,Content,VERB,0.33944914,0.38869807
3,3Bw14,ways,ways,Content,NOUN,0.2916653,0.2986323
3,3Bw15,that,that,Function,PRON,0.52273065,0.56928873
3,3Bw16,early,early,Content,ADJ,0.22022592,0.22356717
3,3Bw17,detection,detection,Content,NOUN,0.198805,0.17414999
3,3Bw18,can,can,Function,AUX,0.43327844,0.48160902
3,3Bw19,help,help.,Content,VERB,0.35927936,0.36552036
4,4Aw01,Some,Some,Function,DET,null,null
4,4Aw02,nutrition,nutrition,Content,NOUN,null,null
4,4Aw03,experts,experts,Content,NOUN,0.16736597,0.167366
4,4Aw04,say,say,Content,VERB,0.18350993,0.19261858
4,4Aw05,eggs,eggs,Content,NOUN,0.16074213,0.1576402
4,4Aw06,are,are,Content,AUX,0.21490256,0.23928519
4,4Aw07,good,good,Content,ADJ,0.21325809,0.22361617
4,4Aw08,for,for,Function,ADP,0.2814923,0.31474054
4,4Aw09,you,"you,",Function,PRON,0.32615405,0.3453861
4,4Aw10,even,even,Content,ADV,0.31321394,0.34740552
4,4Aw11,though,though,Function,SCONJ,0.39806426,0.48795268
4,4Aw12,they,they,Function,PRON,0.47888488,0.53727126
4,4Aw13,are,are,Content,AUX,0.48966864,0.5414067
4,4Aw14,high,high,Content,ADJ,0.19854827,0.21110311
4,4Aw15,in,in,Function,ADP,0.2649505,0.29010674
4,4Aw16,cholesterol,cholesterol.,Content,NOUN,0.3130875,0.27951565
4,4Bw01,Others,Others,Content,NOUN,0.2166127,0.24152452
4,4Bw02,are,are,Content,AUX,0.5836942,0.64501727
4,4Bw03,sure,sure,Content,ADJ,0.30302945,0.334476
4,4Bw04,they,they,Function,PRON,0.52920073,0.57854676
4,4Bw05,are,are,Content,AUX,0.6624288,0.71096003
4,4Bw06,bad,bad.,Content,ADJ,0.3485201,0.35724875
5,5Aw01,Experts,Experts,Content,NOUN,null,null
5,5Aw02,generally,generally,Content,ADV,0.1690041,0.16900411
5,5Aw03,agree,agree,Content,VERB,0.21622252,0.21586809
5,5Aw04,that,that,Function,SCONJ,0.3292762,0.3366451
5,5Aw05,watching,watching,Content,VERB,0.13032414,0.13112333
5,5Aw06,a,a,Function,DET,null,null
5,5Aw07,lot,lot,Content,NOUN,0.3001459,0.31118795
5,5Aw08,of,of,Function,ADP,null,null
5,5Aw09,television,television,Content,NOUN,0.20945002,0.201776
5,5Aw10,is,is,Content,AUX,0.19247913,0.19562763
5,5Aw11,bad,bad,Content,ADJ,0.32516217,0.32866406
5,5Aw12,for,for,Function,ADP,0.31010187,0.3329502
5,5Aw13,children,children.,Content,NOUN,0.19280298,0.19085857
5,5Bw01,Now,Now,Content,INTJ,0.28198743,0.2882378
5,5Bw02,a,a,Function,DET,null,null
5,5Bw03,new,new,Content,ADJ,0.23162854,0.24864954
5,5Bw04,study,study,Content,NOUN,0.19787623,0.18918018
5,5Bw05,suggests,suggests,Content,VERB,0.30677837,0.31706083
5,5Bw06,it,it,Function,PRON,0.454157,0.4723051
5,5Bw07,may,may,Function,AUX,0.4528932,0.4707325
5,5Bw08,not,not,Content,PART,0.52588874,0.5340991
5,5Bw09,be,be,Content,AUX,0.39663142,0.43109804
5,5Bw10,very,very,Content,ADV,0.42320848,0.4435352
5,5Bw11,good,good,Content,ADJ,0.4984924,0.49262175
5,5Bw12,for,for,Function,ADP,0.38128972,0.40638113
5,5Bw13,adults,"adults,",Content,NOUN,0.34803793,0.32988468
5,5Bw14,either,either.,Function,ADV,0.4462275,0.46463454
6,6Aw01,Legislators,Legislators,Content,NOUN,null,null
6,6Aw02,and,and,Function,CCONJ,null,null
6,6Aw03,gun,gun,Content,NOUN,0.15112926,0.15112928
6,6Aw04,safety,safety,Content,NOUN,0.15697788,0.15392038
6,6Aw05,advocates,advocates,Content,NOUN,0.42008072,0.4277042
6,6Aw06,often,often,Content,ADV,0.19310875,0.1915499
6,6Aw07,focus,focus,Content,VERB,0.11104755,0.115246974
6,6Aw08,on,on,Function,ADP,0.17341433,0.18086816
6,6Aw09,how,how,Content,SCONJ,0.251669,0.26743075
6,6Aw10,guns,guns,Content,NOUN,0.44565648,0.40873706
6,6Aw11,are,are,Content,AUX,0.23900221,0.26167455
6,6Aw12,purchased,purchased.,Content,VERB,0.030031914,0.030259322
6,6Bw01,But,But,Function,CCONJ,0.25216573,0.26473725
6,6Bw02,many,many,Content,ADJ,0.40353015,0.44816393
6,6Bw03,lives,lives,Content,NOUN,0.25412107,0.26423022
6,6Bw04,could,could,Function,AUX,0.30162862,0.3218914
6,6Bw05,be,be,Content,AUX,0.31039765,0.33594927
6,6Bw06,saved,"saved,",Content,VERB,0.20040795,0.20171203
6,6Bw07,especially,especially,Content,ADV,0.37771517,0.42126277
6,6Bw08,among,among,Function,ADP,0.26490968,0.2959272
6,6Bw09,children,"children,",Content,NOUN,0.32050845,0.31261674
6,6Bw10,if,if,Function,SCONJ,0.3669411,0.39741284
6,6Bw11,they,they,Function,PRON,0.5148078,0.54126483
6,6Bw12,looked,looked,Content,VERB,0.21549378,0.23378819
6,6Bw13,more,more,Content,ADV,0.3313021,0.35499483
6,6Bw14,at,at,Function,ADP,0.2048519,0.21301894
6,6Bw15,how,how,Content,SCONJ,0.45426983,0.48145002
6,6Bw16,they,they,Function,PRON,0.55439985,0.5751387
6,6Bw17,are,are,Content,AUX,0.48262313,0.52645963
6,6Bw18,stored,stored.,Content,VERB,0.26102912,0.24914446
7,7Aw01,In,In,Function,ADP,null,null
7,7Aw02,general,"general,",Content,ADJ,null,null
7,7Aw03,any,any,Function,DET,0.18848512,0.18848512
7,7Aw04,exercise,exercise,Content,NOUN,0.09025235,0.09025236
7,7Aw05,improves,improves,Content,VERB,0.11960418,0.11670298
7,7Aw06,our,our,Function,PRON,0.21582846,0.22051981
7,7Aw07,health,health.,Content,NOUN,0.25826114,0.2706481
7,7Bw01,But,But,Function,CCONJ,0.15171927,0.15775643
7,7Bw02,a,a,Function,DET,null,null
7,7Bw03,wealth,wealth,Content,NOUN,0.1585021,0.16667648
7,7Bw04,of,of,Function,ADP,null,null
7,7Bw05,recent,recent,Content,ADJ,0.10602725,0.11084391
7,7Bw06,science,science,Content,NOUN,0.25241092,0.26061404
7,7Bw07,and,and,Function,CCONJ,null,null
7,7Bw08,personal,personal,Content,ADJ,0.2835871,0.29576123
7,7Bw09,experience,experience,Content,NOUN,0.3054186,0.29624423
7,7Bw10,indicate,indicate,Content,VERB,0.13181056,0.13686346
7,7Bw11,that,that,Function,SCONJ,0.3073652,0.31954893
7,7Bw12,different,different,Content,ADJ,0.2214671,0.2231259
7,7Bw13,people,people,Content,NOUN,0.2827078,0.2880734
7,7Bw14,can,can,Function,AUX,0.3016388,0.29206643
7,7Bw15,respond,respond,Content,VERB,0.24205063,0.24220051
7,7Bw16,to,to,Function,ADP,null,null
7,7Bw17,similar,similar,Content,ADJ,0.31302592,0.3257134
7,7Bw18,exercise,exercise,Content,NOUN,0.39535412,0.37749073
7,7Bw19,routines,routines,Content,NOUN,0.21444942,0.20607054
7,7Bw20,in,in,Function,ADP,0.30682728,0.32179236
7,7Bw21,different,different,Content,ADJ,0.42807668,0.4483276
7,7Bw22,ways,ways.,Content,NOUN,0.28073508,0.27905568
8,8Aw01,When,When,Content,SCONJ,null,null
8,8Aw02,new,new,Content,ADJ,0.1549787,0.1549787
8,8Aw03,breast,breast,Content,NOUN,0.019921586,0.02177588
8,8Aw04,cancer,cancer,Content,NOUN,0.3806224,0.30208057
8,8Aw05,drugs,drugs,Content,NOUN,0.20683081,0.20761178
8,8Aw06,come,come,Content,VERB,0.12974635,0.17290172
8,8Aw07,to,to,Function,ADP,null,null
8,8Aw08,market,"market,",Content,NOUN,0.12591931,0.14256196
8,8Aw09,there,there,Content,PRON,0.25019914,0.30316168
8,8Aw10,is,is,Content,VERB,0.23321924,0.26608604
8,8Aw11,little,little,Content,ADJ,0.3530638,0.41010317
8,8Aw12,data,data,Content,NOUN,0.17048526,0.16691074
8,8Aw13,to,to,Function,PART,null,null
8,8Aw14,indicate,indicate,Content,VERB,0.22327767,0.24093251
8,8Aw15,whether,whether,Function,SCONJ,0.2942357,0.3296531
8,8Aw16,they,they,Function,PRON,0.41214406,0.45899454
8,8Aw17,are,are,Content,AUX,0.36234483,0.4006093
8,8Aw18,safe,safe,Content,ADJ,0.2495934,0.26686585
8,8Aw19,or,or,Function,CCONJ,0.33859515,0.35317943
8,8Aw20,effective,effective,Content,ADJ,0.26183087,0.2537925
8,8Aw21,in,in,Function,ADP,0.346168,0.37985665
8,8Aw22,men,men.,Content,NOUN,0.21259539,0.20282644
8,8Bw01,Some,Some,Function,DET,0.2076769,0.22394793
8,8Bw02,new,new,Content,ADJ,0.3587667,0.41384098
8,8Bw03,drugs,drugs,Content,NOUN,0.416623,0.36544427
8,8Bw04,are,are,Content,AUX,0.46371052,0.50208116
8,8Bw05,approved,approved,Content,VERB,0.21453646,0.21038902
8,8Bw06,only,only,Content,ADV,0.36672348,0.40454954
8,8Bw07,for,for,Function,ADP,0.41243342,0.4474847
8,8Bw08,women,women.,Content,NOUN,0.348919,0.32763812
9,9Aw01,An,An,Function,DET,null,null
9,9Aw02,extensive,extensive,Content,ADJ,null,null
9,9Aw03,study,study,Content,NOUN,0.12788594,0.12788594
9,9Aw04,confirms,confirms,Content,VERB,0.21929729,0.21963455
9,9Aw05,that,that,Function,SCONJ,0.24879529,0.24857102
9,9Aw06,red,red,Content,ADJ,0.026138077,0.026012145
9,9Aw07,meat,meat,Content,NOUN,0.12872913,0.13226828
9,9Aw08,might,might,Function,AUX,0.16202855,0.16197383
9,9Aw09,not,not,Content,PART,0.20038961,0.20139705
9,9Aw10,be,be,Content,AUX,0.18923171,0.22779767
9,9Aw11,that,that,Function,ADV,0.4753797,0.5309614
9,9Aw12,bad,bad,Content,ADJ,0.23017225,0.25283414
9,9Aw13,for,for,Function,ADP,0.29256195,0.3188219
9,9Aw14,you,you.,Function,PRON,0.27360812,0.3089382
9,9Bw01,But,But,Function,CCONJ,0.30757114,0.32941467
9,9Bw02,it,it,Function,PRON,0.41050082,0.45599064
9,9Bw03,is,is,Content,AUX,0.3660446,0.40279582
9,9Bw04,bad,bad,Content,ADJ,0.46623275,0.46598586
9,9Bw05,for,for,Function,ADP,0.33942103,0.3672577
9,9Bw06,the,the,Function,DET,0.42830008,0.44889516
9,9Bw07,planet,"planet,",Content,NOUN,0.16872102,0.17050008
9,9Bw08,with,with,Function,SCONJ,0.2775003,0.28851417
9,9Bw09,chicken,chicken,Content,NOUN,0.2817651,0.25415412
9,9Bw10,and,and,Function,CCONJ,null,null
9,9Bw11,pork,pork,Content,NOUN,0.3926736,0.34676746
9,9Bw12,less,less,Content,ADV,0.22571176,0.24767731
9,9Bw13,harmful,harmful,Content,ADJ,0.39302924,0.39707524
9,9Bw14,than,than,Function,ADP,0.32269284,0.34929687
9,9Bw15,beef,beef.,Content,NOUN,0.45008624,0.39272887
10,10Aw01,The,The,Function,DET,null,null
10,10Aw02,ground,ground,Content,NOUN,null,null
10,10Aw03,around,around,Function,ADP,0.16696368,0.1669637
10,10Aw04,the,the,Function,DET,0.1665976,0.16659762
10,10Aw05,building,building,Content,NOUN,0.21672124,0.21672127
10,10Aw06,slopes,slopes,Content,VERB,0.2358501,0.2327472
10,10Aw07,away,away.,Content,ADV,0.16717303,0.17888537
10,10Bw01,That,That,Function,PRON,0.14985222,0.16501848
10,10Bw02,allows,allows,Content,VERB,0.052825548,0.05719031
10,10Bw03,the,the,Function,DET,0.26014736,0.28596085
10,10Bw04,classroom,classroom,Content,NOUN,0.22715324,0.2417857
10,10Bw05,windows,windows,Content,NOUN,0.31480986,0.31920666
10,10Bw06,to,to,Function,PART,null,null
10,10Bw07,be,be,Content,AUX,0.11333569,0.12568827
10,10Bw08,low,low,Content,ADJ,0.19062044,0.19698653
10,10Bw09,enough,enough,Content,ADV,0.2552669,0.27048814
10,10Bw10,for,for,Function,SCONJ,0.29556602,0.32517835
10,10Bw11,children,children,Content,NOUN,0.2476073,0.23478407
10,10Bw12,to,to,Function,PART,null,null
10,10Bw13,see,see,Content,VERB,0.2782944,0.29565758
10,10Bw14,out,out,Function,ADP,0.37560457,0.40514714
10,10Bw15,while,while,Function,SCONJ,0.26913786,0.2823671
10,10Bw16,still,still,Content,ADV,0.3522333,0.39308906
10,10Bw17,being,being,Content,AUX,0.28375027,0.3149615
10,10Bw18,high,high,Content,ADV,0.36845684,0.3664665
10,10Bw19,above,above,Function,ADP,0.3935018,0.4028295
10,10Bw20,the,the,Function,DET,0.37779802,0.41328746
10,10Bw21,ground,ground.,Content,NOUN,0.43445724,0.4349658
11,11Aw01,Farmers,Farmers,Content,NOUN,null,null
11,11Aw02,and,and,Function,CCONJ,null,null
11,11Aw03,plant,plant,Content,NOUN,0.25145626,0.25145626
11,11Aw04,breeders,breeders,Content,NOUN,0.4116391,0.40982306
11,11Aw05,are,are,Content,AUX,0.12477747,0.12312607
11,11Aw06,in,in,Function,ADP,0.12862298,0.15032637
11,11Aw07,a,a,Function,DET,null,null
11,11Aw08,race,race,Content,NOUN,0.12208593,0.11486588
11,11Aw09,against,against,Function,ADP,0.14571705,0.16313195
11,11Aw10,time,time.,Content,NOUN,0.1370579,0.15953858
11,11Bw01,The,The,Function,DET,0.03170177,0.04167865
11,11Bw02,world,world,Content,NOUN,0.14152348,0.18033098
11,11Bw03,population,population,Content,NOUN,0.27778584,0.2799694
11,11Bw04,is,is,Content,AUX,0.28151038,0.33491758
11,11Bw05,growing,growing,Content,VERB,0.30955306,0.30777526
11,11Bw06,rapidly,"rapidly,",Content,ADV,0.28970122,0.3063125
11,11Bw07,requiring,requiring,Content,VERB,0.13600214,0.14830297
11,11Bw08,ever,ever,Content,ADV,0.29013646,0.33619666
11,11Bw09,more,more,Content,ADJ,0.29286698,0.31830418
11,11Bw10,food,"food,",Content,NOUN,0.29943645,0.28577805
11,11Bw11,but,but,Function,CCONJ,0.33207107,0.3652434
11,11Bw12,the,the,Function,DET,0.3554097,0.39646077
11,11Bw13,amount,amount,Content,NOUN,0.2973046,0.32022008
11,11Bw14,of,of,Function,ADP,null,null
11,11Bw15,cultivable,cultivable,Content,ADJ,0.31007874,0.27223977
11,11Bw16,land,land,Content,NOUN,0.35236216,0.32194304
11,11Bw17,is,is,Content,AUX,0.3915489,0.4585942
11,11Bw18,limited,limited.,Content,ADJ,0.20345514,0.21758081
12,12Aw01,One,One,Function,NUM,null,null
12,12Aw02,benefit,benefit,Content,NOUN,null,null
12,12Aw03,of,of,Function,ADP,null,null
12,12Aw04,discovery,discovery,Content,NOUN,-0.013700437,-0.013700441
12,12Aw05,is,is,Content,AUX,0.19075625,0.20173626
12,12Aw06,that,that,Function,SCONJ,0.33220062,0.33976603
12,12Aw07,you,you,Function,PRON,0.12121246,0.15434684
12,12Aw08,get,get,Content,VERB,0.15658432,0.19514354
12,12Aw09,to,to,Function,PART,null,null
12,12Aw10,name,name,Content,VERB,0.13362002,0.14106558
12,12Aw11,the,the,Function,DET,0.35405052,0.3700332
12,12Aw12,things,things,Content,NOUN,0.26566327,0.29129598
12,12Aw13,you,you,Function,PRON,0.3602115,0.38969243
12,12Aw14,discovered,discovered.,Content,VERB,0.30591163,0.2532371
12,12Bw01,Astronomy,Astronomy,Content,NOUN,0.13890249,0.12907974
12,12Bw02,is,is,Content,AUX,0.42559743,0.51034164
12,12Bw03,blessed,blessed,Content,VERB,0.25997576,0.2579009
12,12Bw04,in,in,Function,ADP,0.27695158,0.29293895
12,12Bw05,this,this,Function,DET,0.3969645,0.4295735
12,12Bw06,regard,regard.,Content,NOUN,0.2776585,0.28648221
13,13Aw01,The,The,Function,DET,null,null
13,13Aw02,overwhelming,overwhelming,Content,ADJ,null,null
13,13Aw03,majority,majority,Content,NOUN,0.27499515,0.27499515
13,13Aw04,of,of,Function,ADP,null,null
13,13Aw05,snails,snails,Content,NOUN,0.035804365,0.03254584
13,13Aw06,live,live,Content,VERB,0.19907928,0.1941374
13,13Aw07,in,in,Function,ADP,0.23824853,0.24917209
13,13Aw08,shells,shells,Content,NOUN,0.21901274,0.19269256
13,13Aw09,that,that,Function,PRON,0.29133743,0.31465358
13,13Aw10,coil,coil,Content,VERB,0.1625311,0.15647618
13,13Aw11,to,to,Function,ADP,null,null
13,13Aw12,the,the,Function,DET,0.20932356,0.22818157
13,13Aw13,right,right.,Content,ADJ,0.1787297,0.19818138
13,13Bw01,But,But,Function,CCONJ,0.15601788,0.18579438
13,13Bw02,occasionally,occasionally,Content,ADV,0.24249111,0.24279888
13,13Bw03,some,some,Function,PRON,0.3352849,0.3768922
13,13Bw04,are,are,Content,AUX,0.2639101,0.28739282
13,13Bw05,born,born,Content,VERB,0.09618143,0.10471654
13,13Bw06,with,with,Function,ADP,0.19665918,0.22013265
13,13Bw07,shells,shells,Content,NOUN,0.4847743,0.4245634
13,13Bw08,that,that,Function,PRON,0.31344575,0.35685748
13,13Bw09,turn,turn,Content,VERB,0.14978245,0.182973
13,13Bw10,the,the,Function,DET,0.29343346,0.3322573
13,13Bw11,other,other,Content,ADJ,0.26860252,0.30480894
13,13Bw12,way,way.,Content,NOUN,0.2367333,0.28621194
14,14Aw01,California,California,Content,PROPN,null,null
14,14Aw02,has,has,Content,AUX,0.06296304,0.062963046
14,14Aw03,positioned,positioned,Content,VERB,0.044873357,0.045325868
14,14Aw04,itself,itself,Function,PRON,0.19465381,0.21216491
14,14Aw05,as,as,Function,ADP,0.2650964,0.2602723
14,14Aw06,a,a,Function,DET,null,null
14,14Aw07,leader,leader,Content,NOUN,0.20227194,0.20806748
14,14Aw08,in,in,Function,ADP,0.25705042,0.2777001
14,14Aw09,the,the,Function,DET,0.30224502,0.3153332
14,14Aw10,fight,fight,Content,NOUN,0.08467639,0.0914861
14,14Aw11,against,against,Function,ADP,0.25584364,0.2631828
14,14Aw12,climate,climate,Content,NOUN,0.15396564,0.15232867
14,14Aw13,change,change.,Content,NOUN,0.191172,0.2020805
14,14Bw01,It,It,Function,PRON,0.22751224,0.2353441
14,14Bw02,leads,leads,Content,VERB,0.16641216,0.17171802
14,14Bw03,the,the,Function,DET,0.39072785,0.40060052
14,14Bw04,nation,nation,Content,NOUN,0.323008,0.3240551
14,14Bw05,by,by,Function,ADP,0.14675045,0.17424811
14,14Bw06,far,far,Content,ADV,0.2601145,0.27105743
14,14Bw07,in,in,Function,ADP,0.36413684,0.37547332
14,14Bw08,solar,solar,Content,ADJ,0.22515862,0.2143092
14,14Bw09,power,power.,Content,NOUN,0.3185758,0.30216673
15,15Aw01,Climate,Climate,Content,NOUN,null,null
15,15Aw02,change,change,Content,NOUN,0.1755534,0.1755534
15,15Aw03,will,will,Function,AUX,0.14823024,0.15311407
15,15Aw04,inevitably,inevitably,Content,ADV,0.1578987,0.1623058
15,15Aw05,transform,transform,Content,VERB,0.26208934,0.26790383
15,15Aw06,the,the,Function,DET,0.27117944,0.2815233
15,15Aw07,way,way,Content,NOUN,0.31424206,0.31770897
15,15Aw08,the,the,Function,DET,0.3101786,0.33004892
15,15Aw09,world,world,Content,NOUN,0.32340208,0.32294998
15,15Aw10,produces,produces,Content,VERB,0.21153876,0.20233442
15,15Aw11,goods,goods.,Content,NOUN,0.16605426,0.17467107
15,15Bw01,Farmers,Farmers,Content,NOUN,0.07826211,0.066097416
15,15Bw02,who,who,Function,PRON,0.1273255,0.14800946
15,15Bw03,produce,produce,Content,VERB,0.49848467,0.4695458
15,15Bw04,wine,wine,Content,NOUN,0.25359443,0.24015953
15,15Bw05,grapes,"grapes,",Content,NOUN,0.37501028,0.32900015
15,15Bw06,an,an,Function,DET,0.08754726,0.08796577
15,15Bw07,especially,especially,Content,ADV,0.26607385,0.2853475
15,15Bw08,sensitive,sensitive,Content,ADJ,0.19110712,0.20375766
15,15Bw09,crop,"crop,",Content,NOUN,0.43336746,0.40814272
15,15Bw10,are,are,Content,AUX,0.2869932,0.31040657
15,15Bw11,already,already,Content,ADV,0.27717605,0.30727303
15,15Bw12,feeling,feeling,Content,VERB,0.27285984,0.29965878
15,15Bw13,those,those,Function,DET,0.369371,0.40700328
15,15Bw14,effects,effects.,Content,NOUN,0.2462918,0.26024482
16,16Aw01,The,The,Function,DET,null,null
16,16Aw02,many,many,Content,ADJ,null,null
16,16Aw03,whiskeys,whiskeys,Content,NOUN,-0.0037654208,-0.0037654103
16,16Aw04,of,of,Function,ADP,null,null
16,16Aw05,Japan,Japan,Content,PROPN,0.11243655,0.120993614
16,16Aw06,are,are,Content,AUX,0.23021924,0.3093863
16,16Aw07,complex,complex,Content,ADJ,0.106815994,0.14363639
16,16Aw08,and,and,Function,CCONJ,null,null
16,16Aw09,often,often,Content,ADV,0.36023772,0.44911796
16,16Aw10,expensive,expensive.,Content,ADJ,0.35582462,0.38129413
16,16Bw01,Learning,Learning,Content,VERB,0.11383742,0.1221877
16,16Bw02,about,about,Function,ADP,0.24330841,0.27011472
16,16Bw03,them,them,Function,PRON,0.37428218,0.395779
16,16Bw04,can,can,Function,AUX,0.38817307,0.4228244
16,16Bw05,be,be,Content,AUX,0.28981012,0.3190522
16,16Bw06,a,a,Function,DET,null,null
16,16Bw07,challenge,challenge.,Content,NOUN,0.20437358,0.20730188
17,17Aw01,Great,Great,Content,ADJ,null,null
17,17Aw02,snow,snow,Content,NOUN,0.10010057,0.10010056
17,17Aw03,conditions,conditions,Content,NOUN,0.165873,0.14598146
17,17Aw04,can,can,Function,AUX,0.15179524,0.17152476
17,17Aw05,make,make,Content,VERB,0.15706624,0.17639445
17,17Aw06,a,a,Function,DET,null,null
17,17Aw07,ski,ski,Content,NOUN,0.35777858,0.32097164
17,17Aw08,trip,trip,Content,NOUN,0.2245281,0.22561683
17,17Aw09,magical,magical.,Content,ADJ,0.24289724,0.2581684
17,17Bw01,Skiers,Skiers,Content,NOUN,0.40829492,0.36573115
17,17Bw02,can,can,Function,AUX,0.19904546,0.22888075
17,17Bw03,weight,weight,Content,VERB,0.1215799,0.12997007
17,17Bw04,the,the,Function,DET,0.2900234,0.31785718
17,17Bw05,odds,odds,Content,NOUN,0.16162449,0.17612594
17,17Bw06,in,in,Function,ADP,0.23715752,0.2654326
17,17Bw07,their,their,Function,PRON,0.21540844,0.2363893
17,17Bw08,favor,favor,Content,NOUN,0.12904185,0.13826495
17,17Bw09,by,by,Function,ADP,0.10440997,0.113873556
17,17Bw10,picking,picking,Content,VERB,0.1745005,0.19807926
17,17Bw11,their,their,Function,PRON,0.2550284,0.27815643
17,17Bw12,destinations,destinations,Content,NOUN,0.31381553,0.31029794
17,17Bw13,according,according,Content,VERB,0.10684738,0.110829145
17,17Bw14,to,to,Function,ADP,null,null
17,17Bw15,the,the,Function,DET,0.34213814,0.37533092
17,17Bw16,time,time,Content,NOUN,0.31221056,0.3309273
17,17Bw17,of,of,Function,ADP,null,null
17,17Bw18,winter,winter.,Content,NOUN,0.46945632,0.44932967
18,18Aw01,Earth,Earth,Content,PROPN,null,null
18,18Aw02,is,is,Content,AUX,0.08427109,0.0842711
18,18Aw03,warming,"warming,",Content,VERB,0.24533899,0.21827231
18,18Aw04,and,and,Function,CCONJ,null,null
18,18Aw05,we,we,Function,PRON,0.19208218,0.22173378
18,18Aw06,know,know,Content,VERB,0.18961294,0.21745813
18,18Aw07,why,why.,Content,SCONJ,0.26421937,0.32698855
18,18Bw01,Light,Light,Content,NOUN,0.17316656,0.14093336
18,18Bw02,is,is,Content,AUX,0.43473235,0.5229238
18,18Bw03,reflected,reflected,Content,VERB,0.19267632,0.20157458
18,18Bw04,and,and,Function,CCONJ,null,null
18,18Bw05,absorbed,absorbed,Content,VERB,0.18758528,0.17139007
18,18Bw06,by,by,Function,ADP,0.1629151,0.18111594
18,18Bw07,clouds,"clouds,",Content,NOUN,0.29731643,0.27329248
18,18Bw08,air,"air,",Content,NOUN,0.2648595,0.23059791
18,18Bw09,oceans,"oceans,",Content,NOUN,0.41658017,0.36690244
18,18Bw10,ice,ice,Content,NOUN,0.35609627,0.31899753
18,18Bw11,and,and,Function,CCONJ,null,null
18,18Bw12,land,land.,Content,NOUN,0.23787463,0.22746111
19,19Aw01,Nobody,Nobody,Content,PRON,null,null
19,19Aw02,ever,ever,Content,ADV,0.34923387,0.34923384
19,19Aw03,really,really,Content,ADV,0.52699184,0.5192937
19,19Aw04,tells,tells,Content,VERB,0.20105064,0.20303527
19,19Aw05,you,you,Function,PRON,0.509923,0.51813364
19,19Aw06,how,how,Content,SCONJ,0.45654732,0.46250936
19,19Aw07,to,to,Function,PART,null,null
19,19Aw08,breathe,breathe.,Content,VERB,0.22304662,0.22526479
19,19Bw01,You,You,Function,PRON,0.42901516,0.44261977
19,19Bw02,just,just,Content,ADV,0.61063784,0.62372077
19,19Bw03,know,know,Content,VERB,0.66593474,0.6758805
19,19Bw04,how,how,Content,SCONJ,0.624877,0.63912636
19,19Bw05,to,to,Function,PART,null,null
19,19Bw06,do,do,Content,VERB,0.6543435,0.6700285
19,19Bw07,it,it.,Function,PRON,0.62691414,0.64058757
20,20Aw01,Imagine,Imagine,Content,VERB,null,null
20,20Aw02,an,an,Function,DET,0.06466867,0.06466867
20,20Aw03,animal,animal,Content,NOUN,0.02651955,0.026519548
20,20Aw04,that,that,Function,PRON,0.17342632,0.17348954
20,20Aw05,looks,looks,Content,VERB,0.26222154,0.2747061
20,20Aw06,like,like,Function,ADP,0.45830858,0.4704426
20,20Aw07,a,a,Function,DET,null,null
20,20Aw08,dinosaur,"dinosaur,",Content,NOUN,0.29804385,0.2826062
20,20Aw09,and,and,Function,CCONJ,null,null
20,20Aw10,you,you,Function,PRON,0.31789878,0.34240043
20,20Aw11,probably,probably,Content,ADV,0.37451538,0.40010935
20,20Aw12,will,will,Function,AUX,0.202026,0.24052116
20,20Aw13,not,not,Content,PART,0.3524604,0.40603784
20,20Aw14,imagine,imagine,Content,VERB,0.56568205,0.59941876
20,20Aw15,a,a,Function,DET,null,null
20,20Aw16,bat,bat.,Content,NOUN,0.2054374,0.19546758
20,20Bw01,But,But,Function,CCONJ,0.3071917,0.33853224
20,20Bw02,that,that,Function,PRON,0.33812103,0.38383526
20,20Bw03,may,may,Function,AUX,0.34779662,0.40022725
20,20Bw04,change,change.,Content,VERB,0.23509906,0.24885646
21,21Aw01,Video,Video,Content,NOUN,null,null
21,21Aw02,games,games,Content,NOUN,0.2319319,0.2319319
21,21Aw03,work,work,Content,VERB,0.12681113,0.12423054
21,21Aw04,hard,hard,Content,ADV,0.24956517,0.2708858
21,21Aw05,to,to,Function,PART,null,null
21,21Aw06,hook,hook,Content,VERB,0.18792348,0.19735697
21,21Aw07,players,players.,Content,NOUN,0.32678702,0.307579
21,21Bw01,Designers,Designers,Content,NOUN,0.11826093,0.12817141
21,21Bw02,use,use,Content,VERB,0.23926121,0.24915154
21,21Bw03,predictive,predictive,Content,ADJ,0.046457093,0.052327257
21,21Bw04,algorithms,algorithms,Content,NOUN,0.34405681,0.30730078
21,21Bw05,and,and,Function,CCONJ,null,null
21,21Bw06,principles,principles,Content,NOUN,0.22456804,0.21647677
21,21Bw07,of,of,Function,ADP,null,null
21,21Bw08,behavioral,behavioral,Content,ADJ,0.27849856,0.25575554
21,21Bw09,economics,economics,Content,NOUN,0.26725125,0.25311825
21,21Bw10,to,to,Function,PART,null,null
21,21Bw11,keep,keep,Content,VERB,0.22407739,0.25626868
21,21Bw12,fans,fans,Content,NOUN,0.23564087,0.2461928
21,21Bw13,engaged,engaged.,Content,ADJ,0.15048255,0.16080774
22,22Aw01,Americans,Americans,Content,PROPN,null,null
22,22Aw02,are,are,Content,AUX,0.20559151,0.20559153
22,22Aw03,feeling,feeling,Content,VERB,0.2201701,0.22227263
22,22Aw04,better,better,Content,ADJ,0.20612577,0.20595367
22,22Aw05,about,about,Function,ADP,0.30743903,0.31219643
22,22Aw06,the,the,Function,DET,0.30803493,0.31140393
22,22Aw07,economy,economy.,Content,NOUN,0.28223163,0.2775686
22,22Bw01,Or,Or,Function,CCONJ,0.23756783,0.24088596
22,22Bw02,at,at,Function,ADP,0.12212116,0.12954043
22,22Bw03,least,least,Content,ADJ,0.23563594,0.24549596
22,22Bw04,Republicans,Republicans,Content,PROPN,0.3211122,0.30503845
22,22Bw05,are,are.,Content,AUX,0.48991373,0.5371798
23,23Aw01,Parasites,Parasites,Content,PROPN,null,null
23,23Aw02,are,are,Content,AUX,0.13022669,0.13022666
23,23Aw03,a,a,Function,DET,null,null
23,23Aw04,huge,huge,Content,ADJ,0.0694091,0.0707021
23,23Aw05,force,force,Content,NOUN,0.06560221,0.07238509
23,23Aw06,in,in,Function,ADP,0.23979567,0.27606905
23,23Aw07,the,the,Function,DET,0.32166156,0.3551327
23,23Aw08,natural,natural,Content,ADJ,0.19377993,0.19751374
23,23Aw09,world,world.,Content,NOUN,0.21432269,0.23047937
23,23Bw01,For,For,Function,ADP,0.060677137,0.061356273
23,23Bw02,the,the,Function,DET,0.35302824,0.37447417
23,23Bw03,most,most,Content,ADJ,0.31192827,0.33249822
23,23Bw04,part,part,Content,NOUN,0.20419385,0.22569942
23,23Bw05,they,they,Function,PRON,0.3572495,0.36513582
23,23Bw06,simply,simply,Content,ADV,0.4104963,0.4203017
23,23Bw07,feed,feed,Content,VERB,0.26931813,0.25587732
23,23Bw08,on,on,Function,ADP,0.24259093,0.2519625
23,23Bw09,their,their,Function,PRON,0.3362964,0.3511718
23,23Bw10,hosts,hosts.,Content,NOUN,0.12587152,0.11484048
24,24Aw01,There,There,Content,PRON,null,null
24,24Aw02,should,should,Function,AUX,0.22698459,0.22698459
24,24Aw03,be,be,Content,AUX,0.22723879,0.22723876
24,24Aw04,no,no,Function,DET,0.51655,0.51417947
24,24Aw05,question,question,Content,NOUN,0.27202445,0.2715457
24,24Aw06,that,that,Function,SCONJ,0.47794163,0.5077569
24,24Aw07,autistic,autistic,Content,ADJ,0.024685292,0.021375429
24,24Aw08,people,people,Content,NOUN,0.26082635,0.27812693
24,24Aw09,need,need,Content,VERB,0.3751222,0.40335962
24,24Aw10,and,and,Function,CCONJ,null,null
24,24Aw11,value,value,Content,VERB,0.15336804,0.17280959
24,24Aw12,social,social,Content,ADJ,0.24863647,0.24017864
24,24Aw13,connections,connections.,Content,NOUN,0.1943738,0.19957304
24,24Bw01,We,We,Function,PRON,0.2662147,0.29780954
24,24Bw02,all,all,Function,PRON,0.37493032,0.40398833
24,24Bw03,do,do.,Content,VERB,0.5077329,0.54072076
25,25Aw01,Once,Once,Content,ADV,null,null
25,25Aw02,upon,upon,Function,SCONJ,0.24077317,0.24077322
25,25Aw03,a,a,Function,DET,null,null
25,25Aw04,time,"time,",Content,NOUN,0.37340763,0.3734076
25,25Aw05,the,the,Function,DET,0.43532544,0.43566304
25,25Aw06,sky,sky,Content,NOUN,0.11240435,0.11199907
25,25Aw07,was,was,Content,AUX,0.18725424,0.23713577
25,25Aw08,everything,everything,Content,PRON,0.32716653,0.31780627
25,25Aw09,above,above,Function,ADP,0.251686,0.22489223
25,25Aw10,the,the,Function,DET,0.44345978,0.4819662
25,25Aw11,earth,"earth,",Content,NOUN,0.3436824,0.31011686
25,25Aw12,which,which,Function,PRON,0.20381607,0.23052396
25,25Aw13,lay,lay,Content,VERB,0.18333083,0.18458061
25,25Aw14,at,at,Function,ADP,0.18565999,0.22074321
25,25Aw15,the,the,Function,DET,0.41697085,0.4624393
25,25Aw16,center,center,Content,NOUN,0.12173543,0.1323244
25,25Aw17,of,of,Function,ADP,null,null
25,25Aw18,human,human,Content,ADJ,0.27315086,0.25711632
25,25Aw19,experience,experience.,Content,NOUN,0.14352259,0.16457807
25,25Bw01,The,The,Function,DET,0.10367794,0.11438406
25,25Bw02,sky,sky,Content,NOUN,0.49241185,0.42020652
25,25Bw03,was,was,Content,AUX,0.31480098,0.37532678
25,25Bw04,the,the,Function,DET,0.43243033,0.47718334
25,25Bw05,place,place,Content,NOUN,0.24972385,0.26948786
25,25Bw06,of,of,Function,ADP,null,null
25,25Bw07,gods,gods.,Content,NOUN,0.31315666,0.2893932
26,26Aw01,The,The,Function,DET,null,null
26,26Aw02,abundance,abundance,Content,NOUN,null,null
26,26Aw03,of,of,Function,ADP,null,null
26,26Aw04,uncontrolled,uncontrolled,Content,ADJ,0.21721266,0.21721266
26,26Aw05,case,case,Content,NOUN,0.063931614,0.06464236
26,26Aw06,studies,studies,Content,NOUN,0.2065081,0.21854499
26,26Aw07,can,can,Function,AUX,0.23976077,0.24284627
26,26Aw08,give,give,Content,VERB,0.061862905,0.06978271
26,26Aw09,an,an,Function,DET,0.08870954,0.09645896
26,26Aw10,impression,impression,Content,NOUN,0.10005293,0.11454646
26,26Aw11,that,that,Function,SCONJ,0.37290648,0.38808185
26,26Aw12,a,a,Function,DET,null,null
26,26Aw13,single,single,Content,ADJ,0.122560084,0.1271798
26,26Aw14,dietary,dietary,Content,ADJ,0.19510669,0.18596469
26,26Aw15,item,"item,",Content,NOUN,0.15797748,0.17325309
26,26Aw16,like,like,Function,ADP,0.2949024,0.3092189
26,26Aw17,juice,"juice,",Content,NOUN,0.18907915,0.18590693
26,26Aw18,is,is,Content,AUX,0.2403185,0.2593348
26,26Aw19,linked,linked,Content,VERB,0.23660503,0.23644754
26,26Aw20,with,with,Function,ADP,0.25794056,0.28124452
26,26Aw21,obesity,obesity.,Content,NOUN,0.33567613,0.30162263
26,26Bw01,But,But,Function,CCONJ,0.2271913,0.2530512
26,26Bw02,they,they,Function,PRON,0.28517815,0.30482742
26,26Bw03,cannot,cannot,Function,AUX,0.21520308,0.22400685
26,26Bw04,determine,determine,Content,VERB,0.25828928,0.27461594
26,26Bw05,cause,cause,Content,NOUN,0.35945275,0.3654848
26,26Bw06,and,and,Function,CCONJ,null,null
26,26Bw07,effect,effect.,Content,NOUN,0.2912675,0.29543036
27,27Aw01,Americans,Americans,Content,PROPN,null,null
27,27Aw02,are,are,Content,AUX,0.20559151,0.20559153
27,27Aw03,having,having,Content,VERB,0.16738454,0.16963312
27,27Aw04,fewer,fewer,Content,ADJ,0.33055168,0.333662
27,27Aw05,babies,babies.,Content,NOUN,0.30168846,0.2940998
27,27Bw01,At,At,Function,ADP,0.01717514,0.022802798
27,27Bw02,first,"first,",Content,ADV,0.16776986,0.17685859
27,27Bw03,researchers,researchers,Content,NOUN,0.25459003,0.2367812
27,27Bw04,thought,thought,Content,VERB,0.2285254,0.2556779
27,27Bw05,the,the,Function,DET,0.35566616,0.40663564
27,27Bw06,declining,declining,Content,VERB,0.19745736,0.20705706
27,27Bw07,fertility,fertility,Content,NOUN,0.31500307,0.27563453
27,27Bw08,rate,rate,Content,NOUN,0.32182854,0.31829375
27,27Bw09,was,was,Content,AUX,0.26950213,0.33622742
27,27Bw10,because,because,Function,SCONJ,0.37032053,0.42433485
27,27Bw11,of,of,Function,ADP,null,null
27,27Bw12,the,the,Function,DET,0.3892738,0.43942735
27,27Bw13,recession,"recession,",Content,NOUN,0.2555636,0.24575453
27,27Bw14,but,but,Function,CCONJ,0.35517934,0.41537172
27,27Bw15,it,it,Function,PRON,0.3613422,0.40550804
27,27Bw16,kept,kept,Content,VERB,0.2124997,0.24661538
27,27Bw17,falling,falling,Content,VERB,0.35736638,0.3623945
27,27Bw18,even,even,Content,ADV,0.433137,0.47211093
27,27Bw19,as,as,Function,SCONJ,0.21762165,0.2670714
27,27Bw20,the,the,Function,DET,0.40627104,0.45320857
27,27Bw21,economy,economy,Content,NOUN,0.4079127,0.36116347
27,27Bw22,recovered,recovered.,Content,VERB,0.2191608,0.23380546
28,28Aw01,New,New,Content,ADJ,null,null
28,28Aw02,research,research,Content,NOUN,0.14677832,0.1467783
28,28Aw03,suggests,suggests,Content,VERB,0.29716492,0.28170273
28,28Aw04,that,that,Function,SCONJ,0.26799083,0.28597945
28,28Aw05,more,more,Content,ADJ,0.21737085,0.22997789
28,28Aw06,money,money,Content,NOUN,0.22734179,0.23021957
28,28Aw07,really,really,Content,ADV,0.28219295,0.29319516
28,28Aw08,does,does,Content,AUX,0.39276153,0.39439282
28,28Aw09,lead,lead,Content,VERB,0.12571119,0.12629761
28,28Aw10,to,to,Function,ADP,null,null
28,28Aw11,a,a,Function,DET,null,null
28,28Aw12,more,more,Content,ADV,0.4806286,0.5184167
28,28Aw13,satisfying,satisfying,Content,ADJ,0.25184062,0.257183
28,28Aw14,life,life.,Content,NOUN,0.27389163,0.26892927
28,28Bw01,Surveys,Surveys,Content,NOUN,0.16187677,0.1513751
28,28Bw02,of,of,Function,ADP,null,null
28,28Bw03,thousands,thousands,Content,NOUN,0.20811099,0.21835057
28,28Bw04,of,of,Function,ADP,null,null
28,28Bw05,Swedish,Swedish,Content,ADJ,0.11333814,0.11829447
28,28Bw06,lottery,lottery,Content,NOUN,0.12769507,0.13216408
28,28Bw07,winners,winners,Content,NOUN,0.122301616,0.10528431
28,28Bw08,have,have,Content,AUX,0.3556501,0.3666638
28,28Bw09,provided,provided,Content,VERB,0.18392918,0.19625069
28,28Bw10,persuasive,persuasive,Content,ADJ,0.27136633,0.27985263
28,28Bw11,evidence,evidence,Content,NOUN,0.28661165,0.28386393
28,28Bw12,of,of,Function,ADP,null,null
28,28Bw13,this,this,Function,DET,0.41642073,0.4386822
28,28Bw14,truth,truth.,Content,NOUN,0.337905,0.33009654
29,29Aw01,Milan,Milan,Content,PROPN,null,null
29,29Aw02,has,has,Content,VERB,0.03682531,0.036825318
29,29Aw03,no,no,Function,DET,0.15183802,0.17004813
29,29Aw04,sea,sea.,Content,NOUN,0.0071193674,0.0076741986
29,29Bw01,It,It,Function,PRON,0.16205293,0.17350574
29,29Bw02,has,has,Content,VERB,0.46680662,0.5934212
29,29Bw03,no,no,Function,DET,0.16848224,0.18131727
29,29Bw04,river,river,Content,NOUN,0.26694158,0.2241214
29,29Bw05,or,or,Function,CCONJ,0.11547263,0.11646913
29,29Bw06,lake,"lake,",Content,NOUN,0.55629194,0.4782908
29,29Bw07,just,just,Content,ADV,0.22327194,0.23616801
29,29Bw08,a,a,Function,DET,null,null
29,29Bw09,few,few,Content,ADJ,0.21034743,0.26365477
29,29Bw10,ebbing,ebbing,Content,VERB,0.23972282,0.24048436
29,29Bw11,canals,canals.,Content,NOUN,0.4675418,0.4045374
30,30Aw01,Morality,Morality,Content,NOUN,null,null
30,30Aw02,exists,exists,Content,VERB,0.1810132,0.18101321
30,30Aw03,only,only,Content,ADV,0.18998821,0.19378337
30,30Aw04,because,because,Function,SCONJ,0.2856971,0.34344205
30,30Aw05,we,we,Function,PRON,0.33222762,0.3645749
30,30Aw06,evolved,evolved,Content,VERB,0.23559079,0.22298856
30,30Aw07,the,the,Function,DET,0.31498986,0.37773857
30,30Aw08,capacity,capacity,Content,NOUN,0.16420305,0.18416463
30,30Aw09,to,to,Function,PART,null,null
30,30Aw10,empathize,empathize.,Content,VERB,0.19781733,0.1975165
30,30Bw01,And,And,Function,CCONJ,0.2805249,0.29562366
30,30Bw02,empathy,empathy,Content,NOUN,0.51179224,0.4659984
30,30Bw03,provides,provides,Content,VERB,0.19847406,0.21289961
30,30Bw04,the,the,Function,DET,0.25363117,0.3054923
30,30Bw05,best,best,Content,ADJ,0.178596,0.21606164
30,30Bw06,guide,guide,Content,NOUN,0.21499074,0.22507784
30,30Bw07,to,to,Function,ADP,null,null
30,30Bw08,moral,moral,Content,ADJ,0.46435195,0.4357988
30,30Bw09,action,action.,Content,NOUN,0.14524506,0.14893809
31,31Aw01,Story,Story,Content,NOUN,null,null
31,31Aw02,creates,creates,Content,VERB,0.018933546,0.018933544
31,31Aw03,culture,culture.,Content,NOUN,0.22989836,0.23319508
31,31Bw01,It,It,Function,PRON,0.27580455,0.2760901
31,31Bw02,teaches,teaches,Content,VERB,0.30892375,0.30279592
31,31Bw03,us,us,Function,PRON,0.24924989,0.26001373
31,31Bw04,to,to,Function,PART,null,null
31,31Bw05,feel,"feel,",Content,VERB,0.3034147,0.30678672
31,31Bw06,think,think,Content,VERB,0.42804497,0.4522586
31,31Bw07,and,and,Function,CCONJ,null,null
31,31Bw08,behave,behave,Content,VERB,0.3349697,0.3412588
31,31Bw09,in,in,Function,ADP,0.165876,0.17485633
31,31Bw10,ways,ways,Content,NOUN,0.2717876,0.28301063
31,31Bw11,generally,generally,Content,ADV,0.27484035,0.2800642
31,31Bw12,approved,approved,Content,VERB,0.03799898,0.038236726
31,31Bw13,of,of,Function,ADP,null,null
31,31Bw14,by,by,Function,ADP,0.066834114,0.08646959
31,31Bw15,those,those,Function,PRON,0.29139048,0.31670845
31,31Bw16,around,around,Function,ADP,0.15296797,0.16631825
31,31Bw17,us,us.,Function,PRON,0.39489785,0.41157994
32,32Aw01,Hospitals,Hospitals,Content,NOUN,null,null
32,32Aw02,are,are,Content,AUX,0.17925088,0.1792509
32,32Aw03,often,often,Content,ADV,0.28216898,0.30470222
32,32Aw04,thought,thought,Content,VERB,0.117302,0.12738933
32,32Aw05,of,of,Function,ADP,null,null
32,32Aw06,as,as,Function,ADP,0.28443655,0.3100306
32,32Aw07,the,the,Function,DET,0.2773828,0.29542398
32,32Aw08,hubs,hubs,Content,NOUN,0.22896352,0.19971451
32,32Aw09,of,of,Function,ADP,null,null
32,32Aw10,our,our,Function,PRON,0.2498338,0.26782688
32,32Aw11,health,health,Content,NOUN,0.27695614,0.26532117
32,32Aw12,care,care,Content,NOUN,0.46766508,0.4780734
32,32Aw13,system,system.,Content,NOUN,0.25178316,0.23588645
32,32Bw01,But,But,Function,CCONJ,0.20123006,0.22301917
32,32Bw02,hospital,hospital,Content,NOUN,0.4967793,0.46917704
32,32Bw03,closings,closings,Content,NOUN,0.13611494,0.13860293
32,32Bw04,are,are,Content,AUX,0.39786503,0.44434026
32,32Bw05,rising,"rising,",Content,VERB,0.21449709,0.2108899
32,32Bw06,particularly,particularly,Content,ADV,0.34219187,0.3698281
32,32Bw07,in,in,Function,ADP,0.295312,0.30098748
32,32Bw08,some,some,Function,DET,0.3974843,0.43412015
32,32Bw09,types,types,Content,NOUN,0.29612827,0.30685645
32,32Bw10,of,of,Function,ADP,null,null
32,32Bw11,communities,communities.,Content,NOUN,0.42372942,0.40795204
33,33Aw01,Two,Two,Function,NUM,null,null
33,33Aw02,sexes,sexes,Content,NOUN,null,null
33,33Aw03,have,have,Content,AUX,0.06901716,0.06901715
33,33Aw04,never,never,Content,ADV,0.27509964,0.3983844
33,33Aw05,been,been,Content,AUX,0.34438694,0.43757504
33,33Aw06,enough,enough,Content,ADJ,0.24892339,0.27752858
33,33Aw07,to,to,Function,PART,null,null
33,33Aw08,describe,describe,Content,VERB,0.13036059,0.13409221
33,33Aw09,human,human,Content,ADJ,0.25851092,0.2285677
33,33Aw10,variety,variety.,Content,NOUN,0.23800391,0.23520274
33,33Bw01,Not,Not,Content,PART,0.34980488,0.3613425
33,33Bw02,in,in,Function,ADP,0.30945465,0.31668696
33,33Bw03,biblical,biblical,Content,ADJ,0.22027665,0.1921485
33,33Bw04,times,times,Content,NOUN,0.32091054,0.34023705
33,33Bw05,and,and,Function,CCONJ,null,null
33,33Bw06,not,not,Content,PART,0.610165,0.6797287
33,33Bw07,now,now.,Content,ADV,0.36662698,0.4127346
34,34Aw01,The,The,Function,DET,null,null
34,34Aw02,biggest,biggest,Content,ADJ,null,null
34,34Aw03,racial,racial,Content,ADJ,0.060534015,0.060534015
34,34Aw04,preferences,preferences,Content,NOUN,0.1614267,0.1536983
34,34Aw05,in,in,Function,ADP,0.19843201,0.20871715
34,34Aw06,this,this,Function,DET,0.17736486,0.18490304
34,34Aw07,country,country,Content,NOUN,0.21943504,0.22364256
34,34Aw08,have,have,Content,VERB,0.19014624,0.20166078
34,34Aw09,nothing,nothing,Content,PRON,0.17396855,0.20047052
34,34Aw10,to,to,Function,PART,null,null
34,34Aw11,do,do,Content,VERB,0.42697623,0.47594738
34,34Aw12,with,with,Function,ADP,0.20481867,0.23208156
34,34Aw13,college,college,Content,NOUN,0.25520095,0.25749832
34,34Aw14,admissions,admissions,Content,NOUN,0.28074878,0.24572119
34,34Aw15,or,or,Function,CCONJ,0.3354356,0.3609487
34,34Aw16,job,job,Content,NOUN,0.32277256,0.3514326
34,34Aw17,offers,offers.,Content,NOUN,0.09703068,0.09822518
34,34Bw01,They,They,Function,PRON,0.26653552,0.30561978
34,34Bw02,have,have,Content,VERB,0.43647102,0.5147721
34,34Bw03,to,to,Function,PART,null,null
34,34Bw04,do,do,Content,VERB,0.55864024,0.6243609
34,34Bw05,with,with,Function,ADP,0.26338,0.28794074
34,34Bw06,political,political,Content,ADJ,0.3451538,0.3168073
34,34Bw07,power,power.,Content,NOUN,0.20313784,0.2061775
35,35Aw01,Businesses,Businesses,Content,NOUN,null,null
35,35Aw02,can,can,Function,AUX,0.1610026,0.16100259
35,35Aw03,deliver,deliver,Content,VERB,0.097708255,0.09770825
35,35Aw04,everything,everything,Content,PRON,0.13474105,0.1347531
35,35Aw05,on,on,Function,ADP,0.19571605,0.19622627
35,35Aw06,demand,"demand,",Content,NOUN,0.3036007,0.3003025
35,35Aw07,from,from,Function,ADP,0.13733804,0.13964899
35,35Aw08,dinner,dinner,Content,NOUN,0.10413729,0.10905083
35,35Aw09,to,to,Function,ADP,null,null
35,35Aw10,dry,dry,Content,ADJ,0.20299895,0.20660555
35,35Aw11,cleaning,cleaning.,Content,NOUN,0.24859495,0.24865897
35,35Bw01,Some,Some,Function,PRON,0.15631007,0.15592012
35,35Bw02,will,will,Function,AUX,0.17257021,0.17382473
35,35Bw03,even,even,Content,ADV,0.2562113,0.2658782
35,35Bw04,show,show,Content,VERB,0.2531003,0.26605016
35,35Bw05,up,up,Function,ADP,0.27950937,0.2873587
35,35Bw06,at,at,Function,ADP,0.14981027,0.16218041
35,35Bw07,your,your,Function,PRON,0.26888427,0.2842945
35,35Bw08,door,door,Content,NOUN,0.22515005,0.22468492
35,35Bw09,to,to,Function,PART,null,null
35,35Bw10,give,give,Content,VERB,0.3203449,0.34313762
35,35Bw11,you,you,Function,PRON,0.3151982,0.33857608
35,35Bw12,cupcakes,cupcakes,Content,NOUN,0.19531934,0.1979865
35,35Bw13,or,or,Function,CCONJ,0.27465245,0.29393366
35,35Bw14,walk,walk,Content,VERB,0.2908015,0.28888857
35,35Bw15,your,your,Function,PRON,0.3183906,0.3250632
35,35Bw16,dog,dog.,Content,NOUN,0.30073455,0.28459963
36,36Aw01,Planning,Planning,Content,VERB,null,null
36,36Aw02,for,for,Function,ADP,0.17991507,0.17991509
36,36Aw03,vacation,vacation,Content,NOUN,0.20593078,0.20593077
36,36Aw04,is,is,Content,AUX,0.099981956,0.10317198
36,36Aw05,fun,fun.,Content,ADJ,0.26754135,0.25372833
36,36Bw01,We,We,Function,PRON,0.22385377,0.23680562
36,36Bw02,make,make,Content,VERB,0.24034388,0.25893953
36,36Bw03,lists,lists,Content,NOUN,0.20866764,0.2166403
36,36Bw04,of,of,Function,ADP,null,null
36,36Bw05,clothes,clothes,Content,NOUN,0.20223248,0.18461992
36,36Bw06,to,to,Function,PART,null,null
36,36Bw07,pack,pack,Content,VERB,0.15146664,0.14699909
36,36Bw08,and,and,Function,CCONJ,null,null
36,36Bw09,museums,museums,Content,NOUN,0.20474021,0.19885668
36,36Bw10,to,to,Function,PART,null,null
36,36Bw11,visit,"visit,",Content,VERB,0.26383248,0.25480086
36,36Bw12,anticipating,anticipating,Content,VERB,0.20402828,0.2283328
36,36Bw13,the,the,Function,DET,0.2999319,0.32744247
36,36Bw14,relaxation,relaxation,Content,NOUN,0.29249272,0.27823412
36,36Bw15,and,and,Function,CCONJ,null,null
36,36Bw16,fun,fun,Content,NOUN,0.5272661,0.5158299
36,36Bw17,to,to,Function,PART,null,null
36,36Bw18,come,come.,Content,VERB,0.38972816,0.40588722
37,37Aw01,Certain,Certain,Content,ADJ,null,null
37,37Aw02,types,types,Content,NOUN,0.34863076,0.34863076
37,37Aw03,of,of,Function,ADP,null,null
37,37Aw04,wine,wine,Content,NOUN,0.11573975,0.11415838
37,37Aw05,seem,seem,Content,VERB,0.25101662,0.2724577
37,37Aw06,incapable,incapable,Content,ADJ,0.2152051,0.21906826
37,37Aw07,of,of,Function,ADP,null,null
37,37Aw08,winning,winning,Content,VERB,0.04423928,0.04863955
37,37Aw09,popular,popular,Content,ADJ,0.23158418,0.24533395
37,37Aw10,acceptance,acceptance.,Content,NOUN,0.18365428,0.20651284
37,37Bw01,Riesling,Riesling,Content,PROPN,0.25709134,0.21182345
37,37Bw02,is,is,Content,AUX,0.24637467,0.26732233
37,37Bw03,one,"one,",Function,NUM,0.28983518,0.34781903
37,37Bw04,particularly,particularly,Content,ADV,0.32644,0.36714032
37,37Bw05,in,in,Function,ADP,0.2716148,0.30529454
37,37Bw06,its,its,Function,PRON,0.15863702,0.19214535
37,37Bw07,moderately,moderately,Content,ADV,0.2502941,0.2615107
37,37Bw08,sweet,sweet,Content,ADJ,0.3600929,0.34170982
37,37Bw09,form,form.,Content,NOUN,0.22483727,0.23922859
38,38Aw01,Bankers,Bankers,Content,NOUN,null,null
38,38Aw02,kept,kept,Content,VERB,0.06350537,0.06350538
38,38Aw03,their,their,Function,PRON,0.25788555,0.25991857
38,38Aw04,name,name,Content,NOUN,0.0068812477,0.011582367
38,38Aw05,tags,tags,Content,NOUN,0.17109588,0.18715541
38,38Aw06,obscured,obscured,Content,VERB,0.18107781,0.19120407
38,38Aw07,behind,behind,Function,ADP,0.22934188,0.23105817
38,38Aw08,ties,ties.,Content,NOUN,0.13819498,0.14349411
38,38Bw01,Many,Many,Content,ADJ,0.22340606,0.21753076
38,38Bw02,tried,tried,Content,VERB,0.19484179,0.20314345
38,38Bw03,to,to,Function,PART,null,null
38,38Bw04,keep,keep,Content,VERB,0.39185253,0.39950773
38,38Bw05,a,a,Function,DET,null,null
38,38Bw06,low,low,Content,ADJ,0.19302566,0.19702923
38,38Bw07,profile,profile,Content,NOUN,0.32365146,0.3226486
38,38Bw08,and,and,Function,CCONJ,null,null
38,38Bw09,avoided,avoided,Content,VERB,0.3470358,0.3454051
38,38Bw10,talking,talking,Content,VERB,0.26036388,0.26454106
38,38Bw11,to,to,Function,ADP,null,null
38,38Bw12,the,the,Function,DET,0.36253515,0.37179267
38,38Bw13,news,news,Content,NOUN,0.1500264,0.15672013
38,38Bw14,media,media.,Content,NOUN,0.28304434,0.28656092
39,39Aw01,Hollywood,Hollywood,Content,PROPN,null,null
39,39Aw02,executives,executives,Content,NOUN,0.18994735,0.18994738
39,39Aw03,are,are,Content,AUX,0.13003741,0.1291038
39,39Aw04,not,not,Content,PART,0.21179917,0.23227413
39,39Aw05,so,so,Content,ADV,0.344065,0.41392654
39,39Aw06,different,different,Content,ADJ,0.20878112,0.23667386
39,39Aw07,from,from,Function,ADP,0.21331689,0.22450238
39,39Aw08,the,the,Function,DET,0.3704769,0.39094022
39,39Aw09,stars,stars,Content,NOUN,0.2921704,0.255503
39,39Aw10,they,they,Function,PRON,0.51649547,0.57654494
39,39Aw11,employ,employ.,Content,VERB,0.19669299,0.20753346
39,39Bw01,They,They,Function,PRON,0.32055983,0.3684038
39,39Bw02,want,want,Content,VERB,0.42081696,0.48626223
39,39Bw03,to,to,Function,PART,null,null
39,39Bw04,be,be,Content,AUX,0.39623007,0.4382672
39,39Bw05,seen,seen,Content,VERB,0.23462445,0.2514757
39,39Bw06,in,in,Function,ADP,0.2811979,0.3001955
39,39Bw07,the,the,Function,DET,0.37997234,0.39794645
39,39Bw08,right,right,Content,ADJ,0.30598623,0.33043694
39,39Bw09,booths,booths,Content,NOUN,0.15956002,0.15292722
39,39Bw10,at,at,Function,ADP,0.2589751,0.26455602
39,39Bw11,the,the,Function,DET,0.39842,0.4230272
39,39Bw12,right,right,Content,ADJ,0.41706997,0.46559674
39,39Bw13,restaurants,restaurants.,Content,NOUN,0.28669217,0.2553765
40,40Aw01,The,The,Function,PRON,null,null
40,40Aw02,more,more,Content,ADV,null,null
40,40Aw03,we,we,Function,PRON,0.24432144,0.24432145
40,40Aw04,learn,learn,Content,VERB,0.2447565,0.24475649
40,40Aw05,about,about,Function,ADP,0.4115844,0.4378087
40,40Aw06,how,how,Content,SCONJ,0.40435085,0.40272972
40,40Aw07,people,people,Content,NOUN,0.28812015,0.29597294
40,40Aw08,really,really,Content,ADV,0.53599775,0.5368244
40,40Aw09,think,"think,",Content,VERB,0.596441,0.5967241
40,40Aw10,the,the,Function,PRON,0.31046396,0.31299192
40,40Aw11,more,more,Content,ADV,0.56509423,0.58895534
40,40Aw12,we,we,Function,PRON,0.5524097,0.5498262
40,40Aw13,must,must,Function,AUX,0.2357512,0.23237698
40,40Aw14,rethink,rethink,Content,VERB,0.28196162,0.27847072
40,40Aw15,economic,economic,Content,ADJ,0.19526474,0.19500567
40,40Aw16,theory,theory.,Content,NOUN,0.24898013,0.242573
40,40Bw01,Changes,Changes,Content,NOUN,0.17167565,0.15907973
40,40Bw02,in,in,Function,ADP,0.25090206,0.25904897
40,40Bw03,fundamental,fundamental,Content,ADJ,0.37657464,0.35315147
40,40Bw04,beliefs,beliefs,Content,NOUN,0.32095578,0.3041611
40,40Bw05,play,play,Content,VERB,0.28200153,0.2898081
40,40Bw06,a,a,Function,DET,null,null
40,40Bw07,major,major,Content,ADJ,0.21890022,0.22259276
40,40Bw08,role,role,Content,NOUN,0.2436646,0.23873231
40,40Bw09,in,in,Function,ADP,0.27316704,0.28970698
40,40Bw10,the,the,Function,DET,0.3610655,0.37480277
40,40Bw11,fluctuations,fluctuations,Content,NOUN,0.26064786,0.2487834
40,40Bw12,of,of,Function,ADP,null,null
40,40Bw13,the,the,Function,DET,0.35219818,0.3706244
40,40Bw14,economy,economy.,Content,NOUN,0.33344477,0.33434233
41,41Aw01,History,History,Content,NOUN,null,null
41,41Aw02,suggests,suggests,Content,VERB,0.07491564,0.07491564
41,41Aw03,that,that,Function,SCONJ,0.16685687,0.16667953
41,41Aw04,the,the,Function,DET,0.28140447,0.28098336
41,41Aw05,world,world,Content,NOUN,0.19029793,0.18965243
41,41Aw06,is,is,Content,AUX,0.37319058,0.3731467
41,41Aw07,about,about,Function,ADV,0.252528,0.25726223
41,41Aw08,due,due,Content,ADJ,0.1383531,0.1442197
41,41Aw09,for,for,Function,ADP,0.34123898,0.3528629
41,41Aw10,another,another,Function,DET,0.26775745,0.27550972
41,41Aw11,financial,financial,Content,ADJ,0.19042851,0.18839571
41,41Aw12,crisis,crisis.,Content,NOUN,0.28565216,0.27306488
41,41Bw01,One,One,Function,NUM,0.12949729,0.1386512
41,41Bw02,of,of,Function,ADP,null,null
41,41Bw03,the,the,Function,DET,0.39920017,0.41031396
41,41Bw04,places,places,Content,NOUN,0.18924995,0.20062767
41,41Bw05,it,it,Function,PRON,0.31376004,0.32266772
41,41Bw06,might,might,Function,AUX,0.33175603,0.34703094
41,41Bw07,start,"start,",Content,VERB,0.22232832,0.23180619
41,41Bw08,according,according,Content,VERB,0.2785462,0.27654544
41,41Bw09,to,to,Function,ADP,null,null
41,41Bw10,a,a,Function,DET,null,null
41,41Bw11,growing,growing,Content,VERB,0.24790995,0.25145152
41,41Bw12,number,number,Content,NOUN,0.24437554,0.24913721
41,41Bw13,of,of,Function,ADP,null,null
41,41Bw14,indicators,"indicators,",Content,NOUN,0.24694283,0.24386713
41,41Bw15,is,is,Content,AUX,0.48331228,0.52423155
41,41Bw16,Italy,Italy.,Content,PROPN,0.18810722,0.19360441
42,42Aw01,Few,Few,Content,ADJ,null,null
42,42Aw02,doubt,doubt,Content,VERB,0.13399878,0.1339988
42,42Aw03,that,that,Function,SCONJ,0.2979903,0.29871452
42,42Aw04,energy,energy,Content,NOUN,0.07864382,0.077452645
42,42Aw05,has,has,Content,AUX,0.208686,0.21327537
42,42Aw06,improved,improved,Content,VERB,0.20958176,0.21329424
42,42Aw07,lives,lives,Content,NOUN,0.09102068,0.096268244
42,42Aw08,and,and,Function,CCONJ,null,null
42,42Aw09,enabled,enabled,Content,VERB,0.23886561,0.23829037
42,42Aw10,human,human,Content,ADJ,0.18935394,0.18250543
42,42Aw11,progress,progress.,Content,NOUN,0.260864,0.25988856
42,42Bw01,Yet,Yet,Content,CCONJ,0.28323847,0.28853384
42,42Bw02,one,one,Function,NUM,0.35254058,0.36981788
42,42Bw03,of,of,Function,ADP,null,null
42,42Bw04,the,the,Function,DET,0.36940375,0.37938341
42,42Bw05,biggest,biggest,Content,ADJ,0.20622173,0.20957062
42,42Bw06,challenges,challenges,Content,NOUN,0.29640839,0.2910558
42,42Bw07,facing,facing,Content,VERB,0.2812894,0.2682633
42,42Bw08,the,the,Function,DET,0.41829994,0.42534393
42,42Bw09,world,world,Content,NOUN,0.3395386,0.33681554
42,42Bw10,is,is,Content,AUX,0.34561458,0.3609178
42,42Bw11,the,the,Function,DET,0.43581766,0.44546878
42,42Bw12,polarized,polarized,Content,VERB,0.189227,0.18605731
42,42Bw13,debate,debate,Content,NOUN,0.26286483,0.24885385
42,42Bw14,over,over,Function,ADP,0.32662308,0.3302965
42,42Bw15,the,the,Function,DET,0.43122986,0.44474816
42,42Bw16,future,future,Content,NOUN,0.39852205,0.39513987
42,42Bw17,of,of,Function,ADP,null,null
42,42Bw18,energy,energy.,Content,NOUN,0.38087475,0.36931485
43,43Aw01,Dance,Dance,Content,NOUN,null,null
43,43Aw02,is,is,Content,AUX,0.030982057,0.030982047
43,43Aw03,about,about,Function,ADP,0.15069978,0.18679306
43,43Aw04,change,change.,Content,NOUN,0.19801393,0.21763352
43,43Bw01,The,The,Function,DET,0.1601595,0.17215966
43,43Bw02,body,body,Content,NOUN,0.1479592,0.15406613
43,43Bw03,keeps,keeps,Content,VERB,0.31313634,0.357907
43,43Bw04,altering,altering,Content,VERB,0.3351508,0.33742014
43,43Bw05,its,its,Function,PRON,0.20236033,0.21183069
43,43Bw06,shape,shape,Content,NOUN,0.29669636,0.29639342
43,43Bw07,while,while,Function,SCONJ,0.17044696,0.16324094
43,43Bw08,we,we,Function,PRON,0.2027455,0.21790424
43,43Bw09,watch,watch,Content,VERB,0.18400145,0.17697336
43,43Bw10,it,it,Function,PRON,0.36973047,0.3866545
43,43Bw11,move,move.,Content,VERB,0.32643393,0.33409348
44,44Aw01,Plants,Plants,Content,NOUN,null,null
44,44Aw02,have,have,Content,VERB,0.065864876,0.065864876
44,44Aw03,no,no,Function,DET,0.18666174,0.23292047
44,44Aw04,eyes,"eyes,",Content,NOUN,0.14763643,0.15095285
44,44Aw05,no,no,Function,DET,0.15710598,0.19717334
44,44Aw06,ears,"ears,",Content,NOUN,0.41457108,0.4063244
44,44Aw07,no,no,Function,DET,0.13832809,0.1724603
44,44Aw08,mouth,mouth,Content,NOUN,0.4555095,0.4330134
44,44Aw09,and,and,Function,CCONJ,null,null
44,44Aw10,no,no,Function,DET,0.1436553,0.17244102
44,44Aw11,hands,hands.,Content,NOUN,0.4167616,0.4209762
44,44Bw01,They,They,Function,PRON,0.24200782,0.27114147
44,44Bw02,do,do,Content,AUX,0.26299104,0.29894125
44,44Bw03,not,not,Content,PART,0.34634307,0.4227883
44,44Bw04,have,have,Content,VERB,0.42385247,0.53004813
44,44Bw05,a,a,Function,DET,null,null
44,44Bw06,brain,brain,Content,NOUN,0.31072283,0.2814495
44,44Bw07,or,or,Function,CCONJ,0.29221976,0.3364296
44,44Bw08,a,a,Function,DET,null,null
44,44Bw09,nervous,nervous,Content,ADJ,0.24109991,0.2465289
44,44Bw10,system,system.,Content,NOUN,0.18889806,0.18661898
45,45Aw01,There,There,Content,PRON,null,null
45,45Aw02,are,are,Content,VERB,0.2142159,0.2142159
45,45Aw03,many,many,Content,ADV,0.48883104,0.48524714
45,45Aw04,more,more,Content,ADJ,0.34399748,0.34789878
45,45Aw05,gorillas,gorillas,Content,NOUN,0.12781678,0.12855102
45,45Aw06,and,and,Function,CCONJ,null,null
45,45Aw07,chimpanzees,chimpanzees,Content,NOUN,0.4341414,0.31714645
45,45Aw08,than,than,Function,SCONJ,0.38954607,0.45778233
45,45Aw09,previously,previously,Content,ADV,0.17664233,0.20288186
45,45Aw10,believed,"believed,",Content,VERB,0.24074629,0.26543593
45,45Aw11,new,new,Content,ADJ,0.17337692,0.20588273
45,45Aw12,research,research,Content,NOUN,0.24971725,0.23302545
45,45Aw13,finds,finds.,Content,VERB,0.1809799,0.19322808
45,45Bw01,Nonetheless,"Nonetheless,",Content,ADV,0.21517688,0.24067134
45,45Bw02,their,their,Function,PRON,0.2817604,0.30732292
45,45Bw03,numbers,numbers,Content,NOUN,0.29161268,0.31110215
45,45Bw04,are,are,Content,AUX,0.49491397,0.5381373
45,45Bw05,rapidly,rapidly,Content,ADV,0.23746644,0.24613768
45,45Bw06,declining,declining.,Content,VERB,0.28214186,0.2810154
46,46Aw01,Forests,Forests,Content,NOUN,null,null
46,46Aw02,are,are,Content,AUX,0.09843299,0.09843299
46,46Aw03,disappearing,disappearing.,Content,VERB,0.25579503,0.25091067
46,46Bw01,Maps,Maps,Content,NOUN,0.1880002,0.19165592
46,46Bw02,show,show,Content,VERB,0.13731037,0.15636481
46,46Bw03,shrinking,shrinking,Content,VERB,0.37774187,0.37200946
46,46Bw04,woodlands,woodlands,Content,NOUN,0.47038534,0.416671
46,46Bw05,all,all,Function,ADV,0.280346,0.31217456
46,46Bw06,over,over,Function,ADP,0.15698479,0.16634537
46,46Bw07,the,the,Function,DET,0.22262628,0.24769573
46,46Bw08,world,world.,Content,NOUN,0.1670129,0.17943814
47,47Aw01,A,A,Function,DET,null,null
47,47Aw02,cowboy,cowboy,Content,NOUN,null,null
47,47Aw03,walks,walks,Content,VERB,0.12341191,0.12341191
47,47Aw04,into,into,Function,ADP,0.067531876,0.06756872
47,47Aw05,a,a,Function,DET,null,null
47,47Aw06,bar,bar.,Content,NOUN,0.15979758,0.15928836
47,47Bw01,Or,Or,Function,CCONJ,0.14699973,0.15012957
47,47Bw02,more,more,Content,ADV,0.063000105,0.06207934
47,47Bw03,specifically,"specifically,",Content,ADV,0.08851853,0.10522873
47,47Bw04,a,a,Function,DET,null,null
47,47Bw05,Nigerian,Nigerian,Content,ADJ,0.075161286,0.07734317
47,47Bw06,immigrant,immigrant,Content,NOUN,0.14391829,0.1288983
47,47Bw07,grad,grad,Content,ADJ,0.20275089,0.1942723
47,47Bw08,student,student,Content,NOUN,0.3734855,0.35585752
47,47Bw09,in,in,Function,ADP,0.19736812,0.21768914
47,47Bw10,a,a,Function,DET,null,null
47,47Bw11,cowboy,cowboy,Content,NOUN,0.52863586,0.4991071
47,47Bw12,hat,hat,Content,NOUN,0.27483907,0.26839924
47,47Bw13,walks,walks,Content,VERB,0.34043992,0.32066047
47,47Bw14,into,into,Function,ADP,0.13023478,0.14429793
47,47Bw15,a,a,Function,DET,null,null
47,47Bw16,bar,bar,Content,NOUN,0.37955678,0.4062246
47,47Bw17,in,in,Function,ADP,0.17752093,0.19327064
47,47Bw18,Oklahoma,Oklahoma.,Content,PROPN,0.17098224,0.16834716
48,48Aw01,One,One,Function,NUM,null,null
48,48Aw02,man,man,Content,NOUN,null,null
48,48Aw03,vanished,vanished,Content,VERB,0.1776601,0.1776601
48,48Aw04,diving,diving,Content,VERB,0.12456569,0.12633583
48,48Aw05,at,at,Function,ADP,0.08117258,0.08321114
48,48Aw06,midnight,midnight.,Content,NOUN,0.18182378,0.18529342
48,48Bw01,Another,Another,Function,PRON,0.05050214,0.059246246
48,48Bw02,was,was,Content,AUX,0.2691392,0.27734157
48,48Bw03,attacked,attacked,Content,VERB,0.2968538,0.29799154
48,48Bw04,by,by,Function,ADP,0.12482601,0.15380706
48,48Bw05,a,a,Function,DET,null,null
48,48Bw06,great,great,Content,ADJ,0.12679464,0.12701732
48,48Bw07,white,white,Content,ADJ,0.2479644,0.25265697
48,48Bw08,shark,shark,Content,NOUN,0.30527726,0.3011616
48,48Bw09,in,in,Function,ADP,0.2574286,0.29430228
48,48Bw10,deep,deep,Content,ADJ,0.26305762,0.26246494
48,48Bw11,water,water.,Content,NOUN,0.2805499,0.2687041
49,49Aw01,Student,Student,Content,NOUN,null,null
49,49Aw02,loans,loans,Content,NOUN,0.13489287,0.13489285
49,49Aw03,are,are,Content,AUX,0.05982138,0.057318434
49,49Aw04,central,central,Content,ADJ,0.10638415,0.102340266
49,49Aw05,to,to,Function,ADP,null,null
49,49Aw06,financing,financing,Content,VERB,0.3709512,0.30824834
49,49Aw07,college,college,Content,NOUN,0.33993128,0.34423375
49,49Aw08,educations,"educations,",Content,NOUN,0.48130032,0.48652574
49,49Aw09,yet,yet,Content,CCONJ,0.13280009,0.15169817
49,49Aw10,millions,millions,Content,NOUN,0.19685729,0.20519298
49,49Aw11,of,of,Function,ADP,null,null
49,49Aw12,borrowers,borrowers,Content,NOUN,0.51362073,0.4759141
49,49Aw13,are,are,Content,AUX,0.35644186,0.41281903
49,49Aw14,in,in,Function,ADP,0.23558773,0.26976448
49,49Aw15,default,default.,Content,NOUN,0.29768708,0.27333224
49,49Bw01,That,That,Function,PRON,0.14568073,0.15434143
49,49Bw02,is,is,Content,AUX,0.2903707,0.35026628
49,49Bw03,clear,clear,Content,ADJ,0.14240263,0.1645855
49,49Bw04,evidence,evidence,Content,NOUN,0.1694664,0.18514317
49,49Bw05,that,that,Function,SCONJ,0.36603603,0.40679517
49,49Bw06,the,the,Function,DET,0.2877542,0.33711648
49,49Bw07,system,system,Content,NOUN,0.20114852,0.21555816
49,49Bw08,is,is,Content,AUX,0.4040605,0.49073035
49,49Bw09,in,in,Function,ADP,0.26879907,0.3010796
49,49Bw10,dire,dire,Content,ADJ,0.25161096,0.25391206
49,49Bw11,need,need,Content,NOUN,0.34810627,0.37546146
49,49Bw12,of,of,Function,ADP,null,null
49,49Bw13,improvement,improvement.,Content,NOUN,0.22714597,0.234658
50,50Aw01,People,People,Content,NOUN,null,null
50,50Aw02,seem,seem,Content,VERB,0.16624188,0.16624188
50,50Aw03,to,to,Function,PART,null,null
50,50Aw04,be,be,Content,AUX,0.32425308,0.31817812
50,50Aw05,more,more,Content,ADV,0.34259427,0.3418174
50,50Aw06,worried,worried,Content,ADJ,0.21488601,0.2062377
50,50Aw07,than,than,Function,ADP,0.4615685,0.4923258
50,50Aw08,ever,ever,Content,ADV,0.31647512,0.33377257
50,50Aw09,about,about,Content,ADP,0.4513124,0.45091036
50,50Aw10,stress,stress.,Content,NOUN,0.2164947,0.20824863
50,50Bw01,We,We,Function,PRON,0.3046545,0.31720242
50,50Bw02,hear,hear,Content,VERB,0.35418704,0.35735178
50,50Bw03,that,that,Function,SCONJ,0.4883012,0.5072826
50,50Bw04,stress,stress,Content,NOUN,0.46369794,0.40439865
50,50Bw05,can,can,Function,AUX,0.35803935,0.3749572
50,50Bw06,lead,lead,Content,VERB,0.13396043,0.13745421
50,50Bw07,to,to,Function,ADP,null,null
50,50Bw08,everything,everything,Content,PRON,0.3521607,0.3587883
50,50Bw09,from,from,Function,ADP,0.20750932,0.22081506
50,50Bw10,depression,depression,Content,NOUN,0.29995364,0.2745955
50,50Bw11,to,to,Function,ADP,null,null
50,50Bw12,cancer,cancer.,Content,NOUN,0.24041723,0.22308075
51,51Aw01,Music,Music,Content,NOUN,null,null
51,51Aw02,can,can,Function,AUX,0.083314344,0.08331434
51,51Aw03,transport,transport,Content,VERB,0.061732985,0.061732985
51,51Aw04,us,us,Function,PRON,0.096461765,0.09708012
51,51Aw05,back,back,Content,ADV,0.08509223,0.08520028
51,51Aw06,in,in,Function,ADP,0.27347606,0.302336
51,51Aw07,time,time,Content,NOUN,0.20609611,0.23356453
51,51Aw08,or,or,Function,CCONJ,0.18107153,0.19613108
51,51Aw09,help,help,Content,VERB,0.23193143,0.24293679
51,51Aw10,usher,usher,Content,VERB,0.1712576,0.16825128
51,51Aw11,in,in,Function,ADP,0.33380222,0.36013576
51,51Aw12,new,new,Content,ADJ,0.3304314,0.33221084
51,51Aw13,ways,ways,Content,NOUN,0.2960599,0.32020122
51,51Aw14,of,of,Function,ADP,null,null
51,51Aw15,thinking,thinking.,Content,NOUN,0.3405104,0.3522995
51,51Bw01,It,It,Function,PRON,0.2844525,0.29227367
51,51Bw02,can,can,Function,AUX,0.32197338,0.35025924
51,51Bw03,capture,capture,Content,VERB,0.20088874,0.1993063
51,51Bw04,a,a,Function,DET,null,null
51,51Bw05,historical,historical,Content,ADJ,0.14643437,0.14895956
51,51Bw06,moment,moment,Content,NOUN,0.3487628,0.3738791
51,51Bw07,or,or,Function,CCONJ,0.21146114,0.22247505
51,51Bw08,offer,offer,Content,VERB,0.22359604,0.22108902
51,51Bw09,an,an,Function,DET,0.157799,0.16302058
51,51Bw10,escape,escape,Content,NOUN,0.29414135,0.28491065
51,51Bw11,from,from,Function,ADP,0.26566106,0.28011453
51,51Bw12,the,the,Function,DET,0.433158,0.45243192
51,51Bw13,world,world,Content,NOUN,0.25707772,0.263374
51,51Bw14,around,around,Function,ADP,0.31993446,0.33512294
51,51Bw15,us,us.,Function,PRON,0.41548416,0.4279675
52,52Aw01,The,The,Function,DET,null,null
52,52Aw02,laws,laws,Content,NOUN,null,null
52,52Aw03,that,that,Function,PRON,0.10941976,0.10941976
52,52Aw04,authorize,authorize,Content,VERB,0.19837295,0.19837296
52,52Aw05,medical,medical,Content,ADJ,0.13354397,0.13264531
52,52Aw06,aid,aid,Content,NOUN,0.21617685,0.22782613
52,52Aw07,in,in,Function,ADP,0.16301313,0.16565396
52,52Aw08,dying,dying,Content,VERB,0.13201134,0.14915325
52,52Aw09,have,have,Content,AUX,0.15956935,0.16388696
52,52Aw10,worked,worked,Content,VERB,0.103192665,0.11800477
52,52Aw11,exactly,exactly,Content,ADV,0.21165328,0.22427332
52,52Aw12,as,as,Function,SCONJ,0.22581163,0.25492933
52,52Aw13,intended,"intended,",Content,VERB,0.2897452,0.27205068
52,52Aw14,the,the,Function,DET,0.362935,0.39710385
52,52Aw15,evidence,evidence,Content,NOUN,0.21914107,0.21768959
52,52Aw16,shows,shows.,Content,VERB,0.16409045,0.17128772
52,52Bw01,They,They,Function,PRON,0.26405755,0.2872763
52,52Bw02,have,have,Content,AUX,0.37526834,0.44369662
52,52Bw03,benefited,benefited,Content,VERB,0.24122284,0.2553594
52,52Bw04,dying,dying,Content,VERB,0.36047065,0.36624122
52,52Bw05,patients,patients,Content,NOUN,0.28248742,0.28225696
52,52Bw06,and,and,Function,CCONJ,null,null
52,52Bw07,their,their,Function,PRON,0.26858804,0.30038762
52,52Bw08,families,families,Content,NOUN,0.36016807,0.35804006
52,52Bw09,without,without,Function,ADP,0.3032646,0.31791747
52,52Bw10,causing,causing,Content,VERB,0.20759498,0.21272677
52,52Bw11,any,any,Function,DET,0.3867181,0.3996914
52,52Bw12,harm,harm,Content,NOUN,0.38511136,0.38268217
52,52Bw13,to,to,Function,ADP,null,null
52,52Bw14,anyone,anyone.,Content,PRON,0.32668293,0.3302933
53,53Aw01,Israel,Israel,Content,PROPN,null,null
53,53Aw02,cannot,cannot,Function,AUX,0.13948996,0.13948995
53,53Aw03,define,define,Content,VERB,0.092558585,0.092558585
53,53Aw04,a,a,Function,DET,null,null
53,53Aw05,Jew,Jew.,Content,PROPN,0.334264,0.32600278
53,53Bw01,And,And,Function,CCONJ,0.16658866,0.16870342
53,53Bw02,the,the,Function,PRON,0.1409451,0.1515482
53,53Bw03,more,more,Content,ADV,0.054226693,0.05952654
53,53Bw04,it,it,Function,PRON,0.3021838,0.34778726
53,53Bw05,attempts,attempts,Content,VERB,0.070660196,0.07838817
53,53Bw06,to,to,Function,PART,null,null
53,53Bw07,do,do,Content,VERB,0.29867744,0.3194775
53,53Bw08,so,"so,",Content,ADV,0.41185525,0.48257387
53,53Bw09,the,the,Function,PRON,0.29790384,0.32673663
53,53Bw10,more,more,Content,ADV,0.40288487,0.50742626
53,53Bw11,obvious,obvious,Content,ADJ,0.23994376,0.25213003
53,53Bw12,that,that,Function,PRON,0.4203419,0.46892235
53,53Bw13,becomes,becomes.,Content,VERB,0.28737482,0.30429515
54,54Aw01,Corporate,Corporate,Content,ADJ,null,null
54,54Aw02,tax,tax,Content,NOUN,0.34635508,0.3463551
54,54Aw03,cuts,cuts,Content,NOUN,0.293966,0.27611718
54,54Aw04,will,will,Function,AUX,0.1479279,0.1496588
54,54Aw05,put,put,Content,VERB,0.076286994,0.07076539
54,54Aw06,billions,billions,Content,NOUN,0.25759453,0.24542455
54,54Aw07,of,of,Function,ADP,null,null
54,54Aw08,dollars,dollars,Content,NOUN,0.49045014,0.46768117
54,54Aw09,back,back,Content,ADV,0.22900729,0.2480665
54,54Aw10,in,in,Function,ADP,0.2265013,0.25933257
54,54Aw11,the,the,Function,DET,0.24466154,0.2770815
54,54Aw12,hands,hands,Content,NOUN,0.18529274,0.2126737
54,54Aw13,of,of,Function,ADP,null,null
54,54Aw14,businesses,businesses,Content,NOUN,0.3690614,0.35514745
54,54Aw15,this,this,Function,DET,0.21016903,0.22438224
54,54Aw16,year,year.,Content,NOUN,0.1778554,0.18397446
54,54Bw01,Naturally,"Naturally,",Content,ADV,0.11476782,0.119516194
54,54Bw02,people,people,Content,NOUN,0.3108658,0.31541654
54,54Bw03,want,want,Content,VERB,0.3534979,0.38023096
54,54Bw04,to,to,Function,PART,null,null
54,54Bw05,know,know,Content,VERB,0.4043746,0.4375924
54,54Bw06,how,how,Content,SCONJ,0.38056567,0.40223235
54,54Bw07,those,those,Function,DET,0.41457716,0.43136498
54,54Bw08,businesses,businesses,Content,NOUN,0.50110114,0.47965562
54,54Bw09,will,will,Function,AUX,0.29928154,0.31262395
54,54Bw10,spend,spend,Content,VERB,0.33817542,0.3377403
54,54Bw11,it,it.,Function,PRON,0.46864256,0.49247614
55,55Aw01,Florida,"Florida,",Content,PROPN,null,null
55,55Aw02,it,it,Function,PRON,0.07850179,0.0785018
55,55Aw03,seems,"seems,",Content,VERB,0.039042436,0.039042436
55,55Aw04,has,has,Content,AUX,0.29802507,0.32901463
55,55Aw05,always,always,Content,ADV,0.2741132,0.2870591
55,55Aw06,been,been,Content,AUX,0.49846813,0.5364468
55,55Aw07,a,a,Function,DET,null,null
55,55Aw08,popular,popular,Content,ADJ,0.18809973,0.19305632
55,55Aw09,destination,destination.,Content,NOUN,0.21305516,0.20906301
55,55Bw01,Even,Even,Content,ADV,0.21458061,0.21950293
55,55Bw02,the,the,Function,DET,0.3855347,0.398804
55,55Bw03,first,first,Content,ADJ,0.23685561,0.24304155
55,55Bw04,known,known,Content,VERB,0.28351676,0.28325018
55,55Bw05,Americans,Americans,Content,PROPN,0.18029964,0.1784986
55,55Bw06,gravitated,gravitated,Content,VERB,0.3198905,0.31992686
55,55Bw07,to,to,Function,ADP,null,null
55,55Bw08,the,the,Function,DET,0.3995784,0.42502883
55,55Bw09,state,state.,Content,NOUN,0.1690992,0.16631764
56,56Aw01,When,When,Content,SCONJ,null,null
56,56Aw02,early,early,Content,ADJ,0.42029458,0.4202946
56,56Aw03,humans,humans,Content,NOUN,0.07328053,0.07551959
56,56Aw04,discovered,discovered,Content,VERB,0.20538594,0.21019012
56,56Aw05,how,how,Content,SCONJ,0.28488606,0.32256004
56,56Aw06,to,to,Function,PART,null,null
56,56Aw07,build,build,Content,VERB,0.13345996,0.13474885
56,56Aw08,fires,"fires,",Content,NOUN,0.18542814,0.17507428
56,56Aw09,life,life,Content,NOUN,0.24488142,0.24226785
56,56Aw10,became,became,Content,VERB,0.24789673,0.27005646
56,56Aw11,much,much,Content,ADV,0.3818534,0.40938404
56,56Aw12,easier,easier,Content,ADJ,0.18677971,0.2032723
56,56Aw13,in,in,Function,ADP,0.35905552,0.386409
56,56Aw14,many,many,Content,ADJ,0.4068626,0.42627847
56,56Aw15,regards,regards.,Content,NOUN,0.20179789,0.20853242
56,56Bw01,They,They,Function,PRON,0.317124,0.33040273
56,56Bw02,huddled,huddled,Content,VERB,0.17707443,0.17668004
56,56Bw03,around,around,Function,ADP,0.3237629,0.33883914
56,56Bw04,fire,fire,Content,NOUN,0.36749363,0.31275767
56,56Bw05,for,for,Function,ADP,0.28505194,0.3136159
56,56Bw06,warmth,"warmth,",Content,NOUN,0.2508764,0.23597689
56,56Bw07,light,light,Content,NOUN,0.32506815,0.32525164
56,56Bw08,and,and,Function,CCONJ,null,null
56,56Bw09,protection,protection.,Content,NOUN,0.20391536,0.20406188
57,57Aw01,For,For,Function,ADP,null,null
57,57Aw02,most,most,Content,ADJ,null,null
57,57Aw03,of,of,Function,ADP,null,null
57,57Aw04,human,human,Content,ADJ,0.095258966,0.09525897
57,57Aw05,history,"history,",Content,NOUN,0.3109205,0.32492295
57,57Aw06,nobody,nobody,Content,PRON,0.24174468,0.2480634
57,57Aw07,ate,ate,Content,VERB,0.16224624,0.15937677
57,57Aw08,a,a,Function,DET,null,null
57,57Aw09,vegetable,vegetable,Content,NOUN,0.22323985,0.20410745
57,57Aw10,for,for,Function,ADP,0.24881902,0.2603596
57,57Aw11,pleasure,pleasure.,Content,NOUN,0.1353169,0.13372162
57,57Bw01,After,After,Function,ADV,0.058360863,0.050377663
57,57Bw02,all,"all,",Function,PRON,0.4021167,0.42661428
57,57Bw03,vegetables,vegetables,Content,NOUN,0.4010854,0.3581767
57,57Bw04,have,have,Content,VERB,0.2887191,0.30411968
57,57Bw05,no,no,Function,DET,0.3083034,0.33985507
57,57Bw06,evolutionary,evolutionary,Content,ADJ,0.20211218,0.22051032
57,57Bw07,imperative,imperative,Content,NOUN,0.18809213,0.19768202
57,57Bw08,to,to,Function,PART,null,null
57,57Bw09,be,be,Content,AUX,0.26363885,0.3084701
57,57Bw10,delicious,delicious.,Content,ADJ,0.40353894,0.365279
58,58Aw01,Animals,Animals,Content,NOUN,null,null
58,58Aw02,around,around,Function,ADP,0.088440016,0.088440016
58,58Aw03,the,the,Function,DET,0.06161689,0.061616886
58,58Aw04,world,world,Content,NOUN,0.07339518,0.073395185
58,58Aw05,are,are,Content,AUX,0.19256137,0.19408739
58,58Aw06,on,on,Function,ADP,0.08943149,0.09457438
58,58Aw07,the,the,Function,DET,0.22114615,0.23607993
58,58Aw08,move,move.,Content,NOUN,0.18667608,0.19207697
58,58Bw01,So,So,Content,ADV,0.19696952,0.20622468
58,58Bw02,are,are,Content,AUX,0.5954833,0.6057849
58,58Bw03,their,their,Function,PRON,0.38757193,0.39726666
58,58Bw04,parasites,parasites.,Content,NOUN,0.24726495,0.21401758
59,59Aw01,Gifts,Gifts,Content,NOUN,null,null
59,59Aw02,are,are,Content,AUX,0.13638088,0.1363809
59,59Aw03,often,often,Content,ADV,0.31826347,0.33917347
59,59Aw04,left,left,Content,VERB,0.1268823,0.13502887
59,59Aw05,on,on,Function,ADP,0.15366329,0.18192562
59,59Aw06,front,front,Content,ADJ,0.15644978,0.18461357
59,59Aw07,row,row,Content,NOUN,0.18238801,0.21499507
59,59Aw08,seats,seats,Content,NOUN,0.29740444,0.29738316
59,59Aw09,at,at,Function,ADP,0.22096004,0.24613674
59,59Aw10,fashion,fashion,Content,NOUN,0.16791978,0.17589934
59,59Aw11,shows,shows,Content,NOUN,0.16757698,0.17369041
59,59Aw12,for,for,Function,ADP,0.36728412,0.3831175
59,59Aw13,guests,guests.,Content,NOUN,0.22395161,0.1929772
59,59Bw01,Rarely,"Rarely,",Content,ADV,0.23505475,0.25171667
59,59Bw02,however,"however,",Content,ADV,0.34388506,0.35987327
59,59Bw03,are,are,Content,AUX,0.46863532,0.49087492
59,59Bw04,they,they,Function,PRON,0.46792418,0.48439702
59,59Bw05,placed,placed,Content,VERB,0.15690891,0.17348006
59,59Bw06,on,on,Function,ADP,0.27983132,0.30564967
59,59Bw07,every,every,Function,DET,0.24545857,0.2454155
59,59Bw08,seat,seat.,Content,NOUN,0.36359462,0.30878517
60,60Aw01,Trying,Trying,Content,VERB,null,null
60,60Aw02,to,to,Function,PART,null,null
60,60Aw03,figure,figure,Content,VERB,0.23812586,0.23812589
60,60Aw04,out,out,Function,ADP,0.25558528,0.25419107
60,60Aw05,why,why,Content,SCONJ,0.32070655,0.32069102
60,60Aw06,humans,humans,Content,NOUN,0.11762092,0.118894
60,60Aw07,cry,cry,Content,VERB,0.25071618,0.25660256
60,60Aw08,is,is,Content,AUX,0.18870856,0.20208405
60,60Aw09,exhausting,exhausting.,Content,ADJ,0.16136642,0.16039796
60,60Bw01,We,We,Function,PRON,0.27265003,0.28000677
60,60Bw02,cry,cry,Content,VERB,0.539701,0.50254506
60,60Bw03,about,about,Function,ADP,0.3117391,0.3332661
60,60Bw04,death,"death,",Content,NOUN,0.18935825,0.18779477
60,60Bw05,violence,"violence,",Content,NOUN,0.21212159,0.20435429
60,60Bw06,breakups,"breakups,",Content,NOUN,0.22756688,0.21313053
60,60Bw07,abandoned,abandoned,Content,VERB,0.19360721,0.19710961
60,60Bw08,puppies,"puppies,",Content,NOUN,0.25196078,0.25459704
60,60Bw09,sweet,sweet,Content,ADJ,0.27034223,0.2619727
60,60Bw10,kisses,kisses,Content,NOUN,0.28578383,0.2600704
60,60Bw11,and,and,Function,CCONJ,null,null
60,60Bw12,words,words,Content,NOUN,0.33347225,0.33285108
60,60Bw13,charged,charged,Content,VERB,0.13310441,0.13944145
60,60Bw14,with,with,Function,ADP,0.23412567,0.24666964
60,60Bw15,all,all,Function,DET,0.30246976,0.31216258
60,60Bw16,kinds,kinds,Content,NOUN,0.30208343,0.29238904
60,60Bw17,of,of,Function,ADP,null,null
60,60Bw18,meanings,meanings.,Content,NOUN,0.33659455,0.3431474
61,61Aw01,The,The,Function,DET,null,null
61,61Aw02,most,most,Content,ADV,null,null
61,61Aw03,popular,popular,Content,ADJ,0.25282535,0.2528254
61,61Aw04,movie,movie,Content,NOUN,0.11695452,0.11456243
61,61Aw05,in,in,Function,ADP,0.20155025,0.21529236
61,61Aw06,India,India,Content,PROPN,0.11278776,0.11400071
61,61Aw07,this,this,Function,DET,0.23178491,0.24285121
61,61Aw08,summer,summer,Content,NOUN,0.18142483,0.18831602
61,61Aw09,is,is,Content,AUX,0.25837857,0.26776457
61,61Aw10,about,about,Function,ADP,0.24181373,0.25470546
61,61Aw11,a,a,Function,DET,null,null
61,61Aw12,toilet,toilet.,Content,NOUN,0.10103582,0.09527115
61,61Bw01,It,It,Function,PRON,0.2743426,0.2908119
61,61Bw02,nearly,nearly,Content,ADV,0.2564679,0.27355298
61,61Bw03,causes,causes,Content,VERB,0.17344207,0.1785614
61,61Bw04,a,a,Function,DET,null,null
61,61Bw05,divorce,divorce.,Content,NOUN,0.16733457,0.1592473
62,62Aw01,Bargain,Bargain,Content,NOUN,null,null
62,62Aw02,hunters,hunters,Content,NOUN,0.09723257,0.09723258
62,62Aw03,have,have,Content,AUX,0.18236664,0.1854712
62,62Aw04,begun,begun,Content,VERB,0.022511417,0.038252525
62,62Aw05,to,to,Function,PART,null,null
62,62Aw06,pay,pay,Content,VERB,0.26119047,0.29123566
62,62Aw07,close,close,Content,ADJ,0.22792527,0.23943497
62,62Aw08,attention,attention,Content,NOUN,0.18728696,0.19968367
62,62Aw09,to,to,Function,ADP,null,null
62,62Aw10,emerging,emerging,Content,VERB,0.0955646,0.09534705
62,62Aw11,market,market,Content,NOUN,0.23082578,0.23140849
62,62Aw12,stocks,stocks.,Content,NOUN,0.29468852,0.2901442
62,62Bw01,They,They,Function,PRON,0.2534727,0.27181733
62,62Bw02,are,are,Content,AUX,0.3626812,0.39651892
62,62Bw03,a,a,Function,DET,null,null
62,62Bw04,little,little,Content,ADJ,0.2882635,0.3009107
62,62Bw05,late,late,Content,ADJ,0.25508773,0.26763895
62,62Bw06,to,to,Function,ADP,null,null
62,62Bw07,the,the,Function,DET,0.40849486,0.44286472
62,62Bw08,game,game.,Content,NOUN,0.1718079,0.18960395
63,63Aw01,One,One,Function,NUM,null,null
63,63Aw02,new,new,Content,ADJ,null,null
63,63Aw03,drug,drug,Content,NOUN,0.09944479,0.0994448
63,63Aw04,promises,promises,Content,VERB,0.16864274,0.19671828
63,63Aw05,to,to,Function,PART,null,null
63,63Aw06,stop,stop,Content,VERB,0.14660999,0.15014687
63,63Aw07,cancer,cancer,Content,NOUN,0.23320486,0.21521375
63,63Aw08,from,from,Function,ADP,0.14530762,0.1515927
63,63Aw09,spreading,spreading,Content,VERB,0.12506697,0.12932348
63,63Aw10,to,to,Function,ADP,null,null
63,63Aw11,other,other,Content,ADJ,0.26385626,0.2765016
63,63Aw12,organs,organs.,Content,NOUN,0.19515616,0.16921656
63,63Bw01,Another,Another,Function,PRON,0.058953747,0.08109331
63,63Bw02,would,would,Function,AUX,0.24494183,0.27534392
63,63Bw03,treat,treat,Content,VERB,0.37181005,0.37587288
63,63Bw04,blood,blood,Content,NOUN,0.3529262,0.332317
63,63Bw05,cancer,cancer.,Content,NOUN,0.5589862,0.5128533
